Experiment Name:,Exp_20200528_1

Tube Name:,Record Time:,Volume(μL):,All Events  Events/μL(V),HB Events/μL(V),Time Events/μL(V),Cells Events/μL(V),P2 Events/μL(V),P3 Events/μL(V),P1 Events/μL(V),Bac Events/μL(V),All Events ,HB Events,Time Events,Cells Events,P2 Events,P3 Events,P1 Events,Bac Events,All Events  % Parent,HB % Parent,Time % Parent,Cells % Parent,P2 % Parent,P3 % Parent,P1 % Parent,Bac % Parent,All Events  % Total,HB % Total,Time % Total,Cells % Total,P2 % Total,P3 % Total,P1 % Total,Bac % Total,All Events  Mean FSC-H,HB Mean FSC-H,Time Mean FSC-H,Cells Mean FSC-H,P2 Mean FSC-H,P3 Mean FSC-H,P1 Mean FSC-H,Bac Mean FSC-H,All Events  Mean BL525-H,HB Mean BL525-H,Time Mean BL525-H,Cells Mean BL525-H,P2 Mean BL525-H,P3 Mean BL525-H,P1 Mean BL525-H,Bac Mean BL525-H,All Events  Mean BL690-H,HB Mean BL690-H,Time Mean BL690-H,Cells Mean BL690-H,P2 Mean BL690-H,P3 Mean BL690-H,P1 Mean BL690-H,Bac Mean BL690-H,All Events  rSD BL525-H,HB rSD BL525-H,Time rSD BL525-H,Cells rSD BL525-H,P2 rSD BL525-H,P3 rSD BL525-H,P1 rSD BL525-H,Bac rSD BL525-H
A1 S_T1_R1_1,2020-05-28 12:15:44,10.0,130.80,45.50,125.84,115.80,130.10,6.50,0.00,57.00,1308,455,1216,1158,1301,65,0,570,100.00%,79.82%,92.97%,95.23%,99.46%,11.40%,0.00%,49.22%,100.00%,34.79%,92.97%,88.53%,99.46%,4.97%,0.00%,43.58%,13472.0,2971.9,2703.8,2748.3,12360.0,2710.5,####,2895.5,160272.4,197522.6,120736.2,126084.6,133396.8,21826.7,####,162267.3,21178.0,5398.3,3907.6,4075.5,5217.9,1903.6,####,4664.9,25297.2,94554.0,23797.6,28371.3,24656.7,6485.8,####,57321.1
A2 S_T1_R2_1,2020-05-28 12:19:51,10.1,145.89,50.29,141.72,130.39,145.19,9.94,0.30,67.58,1468,506,1378,1312,1461,100,3,680,100.00%,74.41%,93.87%,95.21%,99.52%,14.71%,0.44%,51.83%,100.00%,34.47%,93.87%,89.37%,99.52%,6.81%,0.20%,46.32%,7268.8,3168.3,2851.9,2902.4,5828.7,2723.1,6340.7,3072.2,188336.7,261373.9,161481.2,168909.1,164306.3,22167.6,145440.7,202037.5,18889.8,7076.0,5016.6,5240.4,5781.8,2178.6,27434.4,5964.4,33428.0,190589.9,31268.0,37850.0,32700.8,6520.0,16074.8,73256.6
A3 S_T2_R1_1,2020-05-28 12:11:37,10.0,227.11,96.00,222.91,208.00,226.51,8.30,0.90,113.20,2271,960,2154,2080,2265,83,9,1132,100.00%,84.81%,94.85%,96.56%,99.74%,7.33%,0.80%,54.42%,100.00%,42.27%,94.85%,91.59%,99.74%,3.65%,0.40%,49.85%,6297.2,2776.7,2636.9,2664.8,5608.0,2753.5,3941.2,2779.3,160433.5,220542.9,144970.3,149588.0,147038.2,29158.7,165852.4,193619.6,16370.9,5953.9,5140.7,5303.6,5608.1,2786.8,76483.4,6204.8,64997.6,192478.5,64921.6,71440.3,64732.2,8520.8,34853.9,129564.5
A4 S_T2_R2_1,2020-05-28 12:21:13,10.0,291.81,126.80,291.21,272.10,291.41,8.30,1.60,147.00,2918,1268,2814,2721,2914,83,16,1470,100.00%,86.26%,96.44%,96.70%,99.86%,5.65%,1.09%,54.02%,100.00%,43.45%,96.44%,93.25%,99.86%,2.84%,0.55%,50.38%,4491.0,2812.3,2631.7,2655.3,4092.1,2758.5,3936.1,2824.2,139432.2,188077.2,124692.8,128455.4,132203.9,30678.5,183888.9,168924.6,11548.6,5014.1,4388.0,4519.0,5112.0,2728.4,82268.8,5677.7,55233.0,115620.7,54598.5,57494.9,55118.6,9780.0,96402.6,100205.7
A5 S_T3_R1_1,2020-05-28 12:22:34,10.0,313.34,122.02,311.39,291.44,312.74,8.20,2.30,142.32,3133,1220,3009,2914,3127,82,23,1423,100.00%,85.73%,96.04%,96.84%,99.81%,5.76%,1.62%,48.83%,100.00%,38.94%,96.04%,93.01%,99.81%,2.62%,0.73%,45.42%,4488.3,2654.0,2614.6,2637.1,4034.1,2801.5,4217.9,2689.6,125513.7,163066.8,113560.8,116785.5,117214.1,29491.0,211478.6,148813.0,11440.3,4433.2,4828.9,4966.8,5523.1,2780.4,84454.5,5753.4,55225.2,96171.3,55021.7,57216.1,54885.4,10550.6,69153.8,87073.4
A6 S_T3_R2_1,2020-05-28 12:23:56,10.1,253.32,98.48,250.84,232.55,252.72,9.74,0.60,116.17,2549,991,2439,2340,2543,98,6,1169,100.00%,84.77%,95.68%,95.94%,99.76%,8.38%,0.51%,49.96%,100.00%,38.88%,95.68%,91.80%,99.76%,3.84%,0.24%,45.86%,5691.7,2732.6,2611.9,2641.6,4666.9,2630.4,4574.8,2734.5,135827.6,183242.9,125008.3,129654.8,125406.4,27938.2,203013.1,162124.8,8061.5,4955.4,4582.1,4751.2,4879.1,2671.5,90695.7,5250.2,57873.4,113305.2,58043.5,62352.1,57306.6,7978.1,126972.6,100606.0
A7 S_T4_R1_1,2020-05-28 12:25:17,10.0,380.98,150.23,381.76,355.78,380.68,9.70,1.90,171.64,3809,1502,3689,3557,3806,97,19,1716,100.00%,87.53%,96.85%,96.42%,99.92%,5.65%,1.11%,48.24%,100.00%,39.43%,96.85%,93.38%,99.92%,2.55%,0.50%,45.05%,4313.5,2612.9,2583.5,2609.7,4173.9,2820.4,3888.7,2636.3,116411.6,157937.5,108078.6,111529.3,112140.9,33747.0,206945.6,144853.1,6435.5,4241.0,4133.5,4265.1,4730.4,3239.6,69281.1,4878.1,58296.1,90126.3,58085.3,59406.4,58210.9,12667.0,42516.2,87299.1
A8 S_T4_R2_1,2020-05-28 12:26:38,10.0,414.50,170.20,423.57,399.90,414.20,9.70,2.80,195.90,4145,1702,4093,3999,4142,97,28,1959,100.00%,86.88%,98.75%,97.70%,99.93%,4.95%,1.43%,48.99%,100.00%,41.06%,98.75%,96.48%,99.93%,2.34%,0.68%,47.26%,3987.7,2623.5,2498.9,2516.7,3931.4,2723.8,3952.2,2666.5,103825.9,132478.0,100750.4,102657.8,100019.0,32436.8,186514.4,123372.8,4626.1,3724.8,4006.7,4084.5,4282.1,3073.7,62246.6,4632.4,52587.4,68994.6,52681.8,53368.6,52415.0,10954.6,69646.9,68868.9
A9 blank,2020-05-28 12:28:00,10.0,85.30,32.40,83.93,78.80,85.00,1.60,1.00,37.40,853,324,811,788,850,16,10,374,100.00%,86.63%,95.08%,97.16%,99.65%,4.28%,2.67%,47.46%,100.00%,37.98%,95.08%,92.38%,99.65%,1.88%,1.17%,43.85%,8508.7,2758.0,2714.9,2744.1,5647.2,2802.9,4414.5,2803.0,146820.2,173781.4,132363.3,135755.6,134912.0,34164.1,219115.4,162409.3,12556.1,4922.6,5496.1,5638.9,6314.7,3135.6,52231.1,6191.1,68401.8,95462.4,69419.8,68634.3,68260.3,10492.1,95559.8,94235.0
A10 S_T5_R1_1,2020-05-28 12:29:21,10.0,417.81,173.21,416.64,395.41,417.61,11.20,3.00,199.61,4178,1732,4026,3954,4176,112,30,1996,100.00%,86.77%,96.36%,98.21%,99.95%,5.61%,1.50%,50.48%,100.00%,41.46%,96.36%,94.64%,99.95%,2.68%,0.72%,47.77%,3547.1,2677.4,2579.7,2590.8,3396.1,2893.1,3807.2,2716.2,113369.5,138745.9,107004.9,108679.6,110856.5,35892.3,197391.9,128735.9,5522.0,3830.4,4480.5,4551.9,4886.1,3442.7,71840.5,4966.3,53336.7,72009.7,52939.9,53351.7,53275.4,10901.0,70923.7,70686.6
A11 S_T5_R2_1,2020-05-28 12:30:43,10.0,447.60,183.30,447.58,422.60,447.30,10.00,3.80,209.80,4476,1833,4325,4226,4473,100,38,2098,100.00%,87.37%,96.63%,97.71%,99.93%,4.77%,1.81%,49.65%,100.00%,40.95%,96.63%,94.41%,99.93%,2.23%,0.85%,46.87%,3156.7,2603.8,2504.4,2520.0,3093.7,2729.5,3829.9,2644.9,105581.2,131875.6,100716.8,102725.2,103220.0,33050.5,183556.4,123341.3,5180.7,3633.2,3983.7,4064.1,4327.3,3067.2,61568.4,4793.1,53299.4,71740.9,53043.9,53877.3,53306.7,8099.3,48113.3,70586.7
A12 S_T6_R1_1,2020-05-28 12:32:04,10.0,353.50,140.50,361.37,340.90,353.30,9.70,3.10,165.50,3535,1405,3492,3409,3533,97,31,1655,100.00%,84.89%,98.78%,97.62%,99.94%,5.86%,1.87%,48.55%,100.00%,39.75%,98.78%,96.44%,99.94%,2.74%,0.88%,46.82%,3395.5,2617.3,2402.3,2417.4,3311.7,2752.2,3749.6,2659.6,90398.5,102049.3,83276.2,84926.2,87459.2,43765.5,181473.9,97616.8,5408.0,3027.4,3506.0,3576.6,4317.1,3830.4,54050.4,4315.4,50418.5,56189.4,50107.1,50034.6,50367.9,18911.0,31466.8,58157.2
B1 S_T1_R1_2,2020-05-28 12:33:27,10.0,110.10,38.60,109.07,98.90,109.70,3.80,0.00,47.60,1101,386,1054,989,1097,38,0,476,100.00%,81.09%,95.73%,93.83%,99.64%,7.98%,0.00%,48.13%,100.00%,35.06%,95.73%,89.83%,99.64%,3.45%,0.00%,43.23%,8011.3,3029.4,2675.4,2732.2,7140.5,2713.2,####,2949.9,122991.4,189473.0,104666.1,110630.7,105169.7,23831.4,####,157802.7,17239.9,5157.6,3381.6,3569.7,3917.1,1967.7,####,4514.4,19937.0,87366.6,19512.9,23508.1,19733.3,4039.8,####,57086.5
B2 S_T1_R2_2,2020-05-28 12:34:49,10.0,79.40,26.00,75.23,68.20,78.70,4.10,0.10,33.40,794,260,727,682,787,41,1,334,100.00%,77.84%,91.56%,93.81%,99.12%,12.28%,0.30%,48.97%,100.00%,32.75%,91.56%,85.89%,99.12%,5.16%,0.13%,42.07%,19385.7,3210.6,2918.5,2984.9,13605.5,2758.3,4130.6,3080.1,195288.0,274714.7,155018.6,164347.5,158198.9,19914.6,174236.0,218976.6,31058.2,7000.4,4906.5,5192.4,6423.6,1861.9,96288.7,6091.6,21436.3,258812.9,21377.9,25628.7,20814.7,7304.8,0.0,94759.3
B3 S_T2_R1_2,2020-05-28 12:36:10,10.0,118.00,51.30,120.15,112.60,117.90,3.50,0.70,59.60,1180,513,1161,1126,1179,35,7,596,100.00%,86.07%,98.39%,96.99%,99.92%,5.87%,1.17%,52.93%,100.00%,43.47%,98.39%,95.42%,99.92%,2.97%,0.59%,50.51%,5326.0,2906.8,2660.7,2686.1,5046.6,2698.1,3742.7,2899.1,147481.7,227383.8,143798.9,147798.7,142809.4,21699.9,152813.6,201601.7,9730.7,5809.2,4698.3,4826.7,4969.4,2216.9,56089.3,6034.5,70299.0,237641.8,71058.8,79786.2,70246.6,5397.4,34960.0,152876.6
B4 S_T2_R2_2,2020-05-28 12:37:32,10.0,145.20,58.90,143.85,134.20,144.90,4.10,0.40,68.00,1452,589,1390,1342,1449,41,4,680,100.00%,86.62%,95.73%,96.55%,99.79%,6.03%,0.59%,50.67%,100.00%,40.56%,95.73%,92.42%,99.79%,2.82%,0.28%,46.83%,6330.7,2839.3,2713.5,2740.6,5784.0,2718.0,4414.0,2848.6,146105.6,205281.2,134219.2,138534.0,135464.3,24411.5,209111.3,183615.0,13470.7,5368.9,4621.8,4768.6,5048.0,2299.5,55149.7,5396.4,59755.2,159399.4,62439.8,65620.6,58287.8,7451.8,45894.0,124061.2
B5 S_T3_R1_2,2020-05-28 12:38:53,10.0,158.30,61.50,148.50,139.10,158.00,2.80,1.00,69.00,1583,615,1435,1391,1580,28,10,690,100.00%,89.13%,90.65%,96.93%,99.81%,4.06%,1.45%,49.60%,100.00%,38.85%,90.65%,87.87%,99.81%,1.77%,0.63%,43.59%,4645.8,2703.1,2475.1,2494.2,4283.1,2963.6,3899.5,2740.8,131978.9,161415.7,116082.7,119341.6,122376.4,43156.0,196340.8,151226.8,9957.0,4336.6,4268.1,4386.6,4941.0,3990.4,86195.8,5552.0,59220.2,94507.6,58527.1,61190.6,58893.4,17135.0,39607.2,91494.7
B6 S_T3_R2_2,2020-05-28 12:40:15,10.0,180.39,73.98,178.20,165.77,180.39,4.70,0.40,83.79,1802,739,1722,1656,1802,47,4,837,100.00%,88.29%,95.56%,96.17%,100.00%,5.62%,0.48%,50.54%,100.00%,41.01%,95.56%,91.90%,100.00%,2.61%,0.22%,46.45%,3567.6,2689.6,2487.3,2502.8,3567.6,2602.9,3341.6,2710.9,123477.3,175143.4,122208.2,126511.8,123477.3,29447.5,201136.8,161049.6,4368.3,4557.5,4027.8,4166.0,4368.3,2724.7,82724.1,5038.4,66002.6,117080.9,65469.0,68715.5,66002.6,7584.1,55260.7,103655.2
B7 S_T4_R1_2,2020-05-28 12:41:36,10.0,168.30,66.10,168.37,157.80,168.20,3.50,1.10,74.10,1683,661,1627,1578,1682,35,11,741,100.00%,89.20%,96.67%,96.99%,99.94%,4.72%,1.48%,46.96%,100.00%,39.28%,96.67%,93.76%,99.94%,2.08%,0.65%,44.03%,5830.6,2596.0,2416.7,2436.3,5686.5,2835.6,3280.1,2616.3,116891.6,155894.3,110442.2,113092.1,113997.7,41829.1,173413.8,146270.6,6500.2,4226.2,3910.8,4006.4,4376.2,4077.6,53787.2,4920.6,57123.7,87220.8,56994.3,57454.9,57100.7,24429.1,39727.9,86368.3
B8 S_T4_R2_2,2020-05-28 12:42:57,10.0,166.40,61.10,162.37,152.10,166.30,3.00,0.90,70.90,1664,611,1569,1521,1663,30,9,709,100.00%,86.18%,94.29%,96.94%,99.94%,4.23%,1.27%,46.61%,100.00%,36.72%,94.29%,91.41%,99.94%,1.80%,0.54%,42.61%,4676.3,2544.6,2362.8,2381.3,4476.0,2684.4,3619.0,2561.3,95255.8,132219.1,91230.5,93623.2,91920.7,37276.5,212264.9,121962.8,7195.1,3670.0,3501.5,3594.2,3853.2,3548.7,64118.8,4482.7,53847.2,75726.5,53989.0,55442.1,53806.2,11189.3,56931.8,76750.6
B9 blank,2020-05-28 12:44:19,10.0,8.20,2.40,6.83,6.50,8.20,0.20,0.00,3.30,82,24,66,65,82,2,0,33,100.00%,72.73%,80.49%,98.48%,100.00%,6.06%,0.00%,50.77%,100.00%,29.27%,80.49%,79.27%,100.00%,2.44%,0.00%,40.24%,31031.8,2672.1,2968.8,2995.4,31031.8,3307.7,####,2832.7,95971.2,123265.8,77120.4,78145.5,95971.2,36010.0,####,103408.0,12951.0,3250.7,4878.1,4945.3,12951.0,6106.5,####,4932.0,32831.1,54311.3,35181.3,36770.1,32831.1,14248.1,####,47288.3
B10 S_T5_R1_2,2020-05-28 12:45:40,10.0,285.84,120.72,285.73,271.54,285.64,7.00,1.90,137.22,2858,1207,2761,2715,2856,70,19,1372,100.00%,87.97%,96.61%,98.33%,99.93%,5.10%,1.38%,50.53%,100.00%,42.23%,96.61%,95.00%,99.93%,2.45%,0.66%,48.01%,3359.4,2637.4,2579.6,2589.5,3217.9,2759.6,4115.3,2679.1,110285.8,133640.5,102604.9,104087.2,106829.7,39750.4,169990.0,125238.5,6130.3,3712.7,4031.1,4089.5,4667.6,3776.3,58309.3,4585.0,54233.2,71885.8,54239.4,54381.9,54318.9,20821.3,40526.9,70313.8
B11 S_T5_R2_2,2020-05-28 12:47:01,10.0,211.40,79.90,205.94,195.10,211.30,5.30,1.90,93.90,2114,799,1990,1951,2113,53,19,939,100.00%,85.09%,94.13%,98.04%,99.95%,5.64%,2.02%,48.13%,100.00%,37.80%,94.13%,92.29%,99.95%,2.51%,0.90%,44.42%,3380.2,2744.3,2584.9,2594.9,3376.5,2838.1,3887.3,2781.2,124193.9,162459.9,121740.5,123706.4,123178.7,39801.5,199586.1,153362.2,4998.0,4394.4,4396.0,4468.4,4972.7,3568.2,57931.1,5528.1,61897.4,88059.3,62111.8,62967.1,61744.2,14208.8,61542.9,87391.3
B12 S_T6_R1_2,2020-05-28 12:48:23,10.0,78.10,29.10,79.79,74.70,77.90,1.90,0.40,34.30,781,291,771,747,779,19,4,343,100.00%,84.84%,98.72%,96.89%,99.74%,5.54%,1.17%,45.92%,100.00%,37.26%,98.72%,95.65%,99.74%,2.43%,0.51%,43.92%,3757.7,2628.9,2475.1,2493.6,3264.4,3141.7,3500.2,2689.8,98199.4,98985.2,85684.3,87906.0,85367.6,45609.9,194559.6,95640.0,7389.8,2974.8,3820.9,3923.0,3994.9,4331.9,49439.8,3931.2,57501.5,58855.4,57828.1,57597.8,57428.8,22004.3,33811.7,60602.6
C1 S_T6_R2_1,2020-05-28 12:49:46,10.0,220.67,81.27,224.34,209.20,220.67,4.09,1.70,93.23,2213,815,2174,2098,2213,41,17,935,100.00%,87.17%,98.24%,96.50%,100.00%,4.39%,1.82%,44.57%,100.00%,36.83%,98.24%,94.80%,100.00%,1.85%,0.77%,42.25%,4447.9,2634.1,2426.5,2443.6,4447.9,2799.1,4053.5,2681.6,87010.7,116894.5,86504.6,89062.6,87010.7,38599.4,232044.9,112094.1,3992.8,3317.7,3739.9,3855.5,3992.8,3798.1,68803.0,4923.0,54056.8,57960.9,54131.8,53570.0,54056.8,22388.4,114829.1,59848.1
C2 S_T7_R1_1,2020-05-28 12:51:08,10.0,348.21,186.06,333.02,319.60,348.01,15.00,0.90,206.26,3481,1860,3218,3195,3479,150,9,2062,100.00%,90.20%,92.44%,99.29%,99.94%,7.27%,0.44%,64.54%,100.00%,53.43%,92.44%,91.78%,99.94%,4.31%,0.26%,59.24%,3385.0,2953.7,2818.4,2827.7,3364.3,2625.6,3997.2,2936.7,239657.1,276790.1,231510.5,233025.8,238486.8,24701.0,239219.3,253839.0,6882.8,6898.3,6533.4,6574.9,6841.6,2875.5,80316.5,6896.2,159576.1,83687.1,159778.0,157279.4,159320.0,8535.2,127774.9,101892.6
C3 S_T7_R2_1,2020-05-28 12:52:29,10.0,185.30,96.00,190.83,182.60,185.10,9.00,0.60,108.80,1853,960,1844,1826,1851,90,6,1088,100.00%,88.24%,99.51%,99.02%,99.89%,8.27%,0.55%,59.58%,100.00%,51.81%,99.51%,98.54%,99.89%,4.86%,0.32%,58.72%,2813.4,2819.1,2670.5,2680.2,2794.2,2648.8,3560.8,2820.7,206483.4,253976.1,199348.3,201150.9,204170.6,26180.8,214069.0,229993.9,5909.9,6133.1,5665.4,5715.3,5847.5,3045.8,54682.1,6236.7,192198.9,109560.2,190489.9,190023.2,191136.5,9475.1,51983.5,147979.6
C4 S_T8_R1_1,2020-05-28 12:53:51,10.0,497.60,309.50,504.18,485.00,496.60,16.10,1.30,329.80,4976,3095,4872,4850,4966,161,13,3298,100.00%,93.84%,97.91%,99.55%,99.80%,4.88%,0.39%,68.00%,100.00%,62.20%,97.91%,97.47%,99.80%,3.24%,0.26%,66.28%,3228.8,2907.7,2805.3,2809.3,3159.6,2836.3,4199.7,2912.7,256761.5,279498.8,245897.4,246930.3,252723.6,26833.9,178648.7,264776.7,7499.6,6947.9,6619.3,6646.2,7310.3,3255.9,54954.3,6949.4,105954.1,74751.4,104792.2,103873.5,105915.4,10147.7,43792.6,82070.7
C5 S_T8_R2_1,2020-05-28 12:55:13,10.0,376.51,216.41,370.48,356.11,376.21,11.30,1.10,231.51,3765,2164,3580,3561,3762,113,11,2315,100.00%,93.48%,95.09%,99.47%,99.92%,4.88%,0.48%,65.01%,100.00%,57.48%,95.09%,94.58%,99.92%,3.00%,0.29%,61.49%,3221.6,3031.3,2862.7,2866.9,3183.9,2798.6,4120.4,3030.9,244037.5,274633.6,239190.5,240342.9,241146.8,27248.5,204127.5,260048.9,7147.1,6739.4,6506.6,6536.8,6985.0,3355.9,50346.9,6805.7,105758.0,75378.6,104037.8,103327.3,105702.7,10507.6,50996.9,82857.5
C6 blank,2020-05-28 12:56:34,10.0,7.50,2.80,7.04,6.80,7.50,0.30,0.00,3.20,75,28,68,68,75,3,0,32,100.00%,87.50%,90.67%,100.00%,100.00%,9.38%,0.00%,47.06%,100.00%,37.33%,90.67%,90.67%,100.00%,4.00%,0.00%,42.67%,16922.9,2845.4,3114.9,3114.9,16922.9,2760.0,####,2801.8,156087.6,242830.3,153821.3,153821.3,156087.6,19977.0,####,214675.0,8858.9,6377.8,5163.9,5163.9,8858.9,3665.6,####,6089.5,138705.7,105447.9,153601.2,153601.2,138705.7,180.1,####,143786.5
C7 blank,2020-05-28 12:57:55,10.0,2.70,0.70,1.97,1.90,2.70,0.00,0.00,0.90,27,7,19,19,27,0,0,9,100.00%,77.78%,70.37%,100.00%,100.00%,0.00%,0.00%,47.37%,100.00%,25.93%,70.37%,70.37%,100.00%,0.00%,0.00%,33.33%,23580.8,2588.5,3349.1,3349.1,23580.8,####,####,2696.5,164898.0,244959.7,173470.4,173470.4,164898.0,####,####,205452.8,9839.7,7024.0,6751.6,6751.6,9839.7,####,####,9431.5,103186.4,121481.4,220596.8,220596.8,103186.4,####,####,136437.9
C8 blank,2020-05-28 12:59:17,10.0,1.80,0.30,1.35,1.30,1.80,0.10,0.00,0.50,18,3,13,13,18,1,0,5,100.00%,60.00%,72.22%,100.00%,100.00%,20.00%,0.00%,38.46%,100.00%,16.67%,72.22%,72.22%,100.00%,5.56%,0.00%,27.78%,40022.7,3071.2,2988.2,2988.2,40022.7,2183.9,####,3119.3,187634.8,269025.3,218347.5,218347.5,187634.8,11487.8,####,168618.0,13091.9,10283.6,8242.7,8242.7,13091.9,2302.5,####,8950.8,121804.5,3662.6,188050.6,188050.6,121804.5,0.0,####,127836.4
C9 blank,2020-05-28 13:00:39,10.0,1.10,0.30,0.83,0.80,1.10,0.00,0.00,0.40,11,3,8,8,11,0,0,4,100.00%,75.00%,72.73%,100.00%,100.00%,0.00%,0.00%,50.00%,100.00%,27.27%,72.73%,72.73%,100.00%,0.00%,0.00%,36.36%,46359.7,3134.4,6073.4,6073.4,46359.7,####,####,3300.6,149460.9,280558.4,168370.6,168370.6,149460.9,####,####,260549.4,14589.6,7883.9,5955.1,5955.1,14589.6,####,####,8618.5,168455.0,96896.5,177894.2,177894.2,168455.0,####,####,48448.3
C10 S_T11_R1_1,2020-05-28 13:02:00,10.0,490.70,276.20,492.70,474.00,489.80,35.90,1.30,318.60,4907,2762,4761,4740,4898,359,13,3186,100.00%,86.69%,97.02%,99.56%,99.82%,11.27%,0.41%,67.22%,100.00%,56.29%,97.02%,96.60%,99.82%,7.32%,0.26%,64.93%,3441.7,3077.5,2883.8,2889.0,3367.0,2627.4,3898.0,3035.4,268250.7,308862.3,255859.2,256877.5,264822.1,26146.7,265692.3,273115.2,8421.8,8296.7,7513.7,7542.8,8167.3,2830.0,71414.1,7927.9,133451.0,84236.5,131217.2,130348.8,133303.0,10607.3,85655.1,102810.4
C11 S_T11_R2_1,2020-05-28 12:09:30,10.0,6498.44,4441.26,6426.30,6192.43,6447.24,170.51,7.20,4651.77,64982,44411,62098,61922,64470,1705,72,46516,100.00%,95.47%,95.56%,99.72%,99.21%,3.67%,0.15%,75.12%,100.00%,68.34%,95.56%,95.29%,99.21%,2.62%,0.11%,71.58%,3611.1,3156.8,3154.7,3159.3,3356.7,2914.9,4719.6,3152.5,304047.4,300685.1,287035.5,287759.2,294239.6,25859.2,203265.5,288743.1,8962.0,7684.6,7647.3,7666.2,8064.7,3044.2,69421.8,7601.6,69306.7,55762.2,68641.7,68334.1,69185.3,10892.4,58566.8,59446.0
C12 S_T0_1,2020-05-28 12:07:16,60.0,805.70,251.02,789.12,720.20,804.39,25.90,6.52,307.33,48342,15061,45752,43212,48263,1554,391,18440,100.00%,81.68%,94.64%,94.45%,99.84%,8.43%,2.12%,42.67%,100.00%,31.16%,94.64%,89.39%,99.84%,3.21%,0.81%,38.14%,3814.3,2912.9,2702.9,2796.4,3516.8,4272.6,4230.3,3116.0,72830.2,65166.5,59923.9,61461.9,68095.9,33889.2,177511.3,64309.4,5481.2,2141.1,3183.5,3297.7,4523.2,3708.2,64826.1,3818.8,36408.8,40873.4,35449.5,36609.5,36302.4,14915.2,40653.0,41900.6
D1 S_T6_R2_2,2020-05-28 13:03:25,10.0,96.70,35.70,93.76,88.50,96.60,3.30,0.60,42.80,967,357,906,885,966,33,6,428,100.00%,83.41%,93.69%,97.68%,99.90%,7.71%,1.40%,48.36%,100.00%,36.92%,93.69%,91.52%,99.90%,3.41%,0.62%,44.26%,4499.6,2645.6,2616.2,2637.5,4001.6,2983.4,4427.1,2707.4,102859.4,142752.1,100654.8,102569.1,102859.7,32474.1,247045.2,129593.9,5670.5,4055.4,4428.0,4515.1,5537.8,4315.3,73796.2,5326.9,61461.8,90532.7,60824.0,61794.0,61258.5,12077.0,63261.9,85682.6
D2 S_T7_R1_2,2020-05-28 13:04:46,10.0,118.80,66.80,122.11,117.10,118.60,4.90,0.30,73.60,1188,668,1180,1171,1186,49,3,736,100.00%,90.76%,99.33%,99.24%,99.83%,6.66%,0.41%,62.85%,100.00%,56.23%,99.33%,98.57%,99.83%,4.12%,0.25%,61.95%,3542.6,2927.5,2749.1,2759.5,3334.9,2703.6,5579.6,2919.8,241369.7,285365.9,232961.1,234603.8,237228.3,27389.7,220875.0,263332.7,10213.8,7183.7,6346.8,6389.0,7161.5,3492.9,43796.3,7083.6,145894.7,76860.0,142598.7,140180.0,143759.0,8436.4,22942.3,90730.4
D3 S_T7_R2_2,2020-05-28 13:06:07,10.0,358.60,196.40,364.27,349.50,358.20,16.20,1.20,221.10,3586,1964,3520,3495,3582,162,12,2211,100.00%,88.83%,98.16%,99.29%,99.89%,7.33%,0.54%,63.26%,100.00%,54.77%,98.16%,97.46%,99.89%,4.52%,0.33%,61.66%,3337.5,2814.3,2703.3,2710.2,3252.5,2594.7,4618.8,2831.3,224379.3,270566.3,216444.6,217887.4,221108.3,29912.6,222797.1,246644.0,7922.8,6822.8,6319.5,6360.4,6790.8,3188.1,81002.3,7090.3,212203.9,133510.4,211411.6,209893.9,211787.3,13706.8,64421.6,181772.2
D4 S_T8_R1_2,2020-05-28 13:07:29,10.0,215.70,121.10,201.90,193.40,215.30,6.70,0.70,129.80,2157,1211,1951,1934,2153,67,7,1298,100.00%,93.30%,90.45%,99.13%,99.81%,5.16%,0.54%,67.11%,100.00%,56.14%,90.45%,89.66%,99.81%,3.11%,0.32%,60.18%,4783.2,2891.3,2717.3,2725.6,4732.4,2761.3,4785.9,2897.4,260523.7,290909.1,251393.0,253374.5,255997.6,29129.6,240714.5,274900.3,7367.7,7300.6,6820.1,6871.9,7187.8,3291.7,77457.7,7447.1,101676.2,72384.0,100805.3,98922.7,101661.6,13756.8,61470.4,78827.7
D5 S_T8_R2_2,2020-05-28 13:08:50,10.0,210.60,129.90,216.60,208.50,210.00,6.20,0.90,139.30,2106,1299,2093,2085,2100,62,9,1393,100.00%,93.25%,99.38%,99.62%,99.72%,4.45%,0.65%,66.81%,100.00%,61.68%,99.38%,99.00%,99.72%,2.94%,0.43%,66.14%,3248.5,2911.5,2798.5,2804.5,3094.0,2659.9,3966.9,2920.9,246976.9,265527.2,238256.6,238934.9,241989.0,25419.5,184822.8,252195.7,8710.0,6478.2,6376.8,6394.6,6890.1,2996.7,46475.6,6654.4,94566.0,71309.8,94391.6,93442.7,94603.6,9625.0,28113.5,79127.4
D6 blank,2020-05-28 13:10:11,10.0,10.30,4.00,9.42,9.00,10.20,0.50,0.00,4.60,103,40,91,90,102,5,0,46,100.00%,86.96%,88.35%,98.90%,99.03%,10.87%,0.00%,51.11%,100.00%,38.83%,88.35%,87.38%,99.03%,4.85%,0.00%,44.66%,15286.4,2848.6,2659.3,2663.3,12968.4,2747.0,####,2830.4,239193.4,233454.9,203342.8,205488.7,191970.4,23710.0,####,205811.7,47132.6,6323.3,6035.2,6096.9,11652.9,3576.4,####,6022.0,181312.6,71930.6,162113.0,157444.8,187420.6,5149.2,####,105501.3
D7 blank,2020-05-28 13:11:33,10.0,1.60,0.50,1.55,1.50,1.60,0.00,0.00,0.60,16,5,15,15,16,0,0,6,100.00%,83.33%,93.75%,100.00%,100.00%,0.00%,0.00%,40.00%,100.00%,31.25%,93.75%,93.75%,100.00%,0.00%,0.00%,37.50%,7092.3,2264.7,5383.5,5383.5,7092.3,####,####,2832.3,130352.0,318230.9,138176.2,138176.2,130352.0,####,####,267044.9,6334.7,8794.5,6216.6,6216.6,6334.7,####,####,7981.5,25341.8,13841.1,33313.0,33313.0,25341.8,####,####,69891.0
D8 blank,2020-05-28 13:12:54,10.0,1.60,0.40,1.24,1.20,1.60,0.10,0.00,0.70,16,4,12,12,16,1,0,7,100.00%,57.14%,75.00%,100.00%,100.00%,14.29%,0.00%,58.33%,100.00%,25.00%,75.00%,75.00%,100.00%,6.25%,0.00%,43.75%,12016.8,2738.9,4445.6,4445.6,12016.8,3800.4,####,3130.0,79259.0,148932.3,71488.4,71488.4,79259.0,15016.4,####,92818.8,5615.5,4477.1,4878.7,4878.7,5615.5,3777.4,####,6763.5,36241.7,33843.3,37253.2,37253.2,36241.7,0.0,####,90061.4
D9 blank,2020-05-28 13:14:16,10.0,1.70,0.50,1.45,1.40,1.70,0.00,0.00,0.70,17,5,14,14,17,0,0,7,100.00%,71.43%,82.35%,100.00%,100.00%,0.00%,0.00%,50.00%,100.00%,29.41%,82.35%,82.35%,100.00%,0.00%,0.00%,41.18%,19213.9,3198.8,5464.7,5464.7,19213.9,####,####,3162.6,106209.7,167861.1,119670.0,119670.0,106209.7,####,####,148646.6,10368.2,6099.9,7834.7,7834.7,10368.2,####,####,7505.9,109269.5,82364.5,121485.5,121485.5,109269.5,####,####,82364.5
D10 S_T11_R1_2,2020-05-28 13:15:37,10.0,440.80,227.20,394.70,379.90,439.50,29.90,0.50,261.40,4408,2272,3814,3799,4395,299,5,2614,100.00%,86.92%,86.52%,99.61%,99.71%,11.44%,0.19%,68.81%,100.00%,51.54%,86.52%,86.18%,99.71%,6.78%,0.11%,59.30%,3917.6,3006.5,2873.3,2878.1,3450.3,2710.7,3901.7,2975.9,271692.2,307084.9,259143.0,260079.2,261309.3,28298.3,258394.0,271538.0,9253.8,8100.1,7440.2,7464.5,7711.9,3069.9,63388.4,7627.1,125865.5,82375.7,123576.9,122140.2,125809.9,12836.9,71471.8,99547.6
D11 S_T11_R2_2,2020-05-28 13:16:58,10.0,596.42,351.11,551.06,531.62,594.82,16.10,0.70,370.41,5964,3511,5325,5316,5948,161,7,3704,100.00%,94.79%,89.29%,99.83%,99.73%,4.35%,0.19%,69.68%,100.00%,58.87%,89.29%,89.13%,99.73%,2.70%,0.12%,62.11%,3472.6,3181.5,3124.6,3126.4,3368.0,2725.3,4526.8,3170.6,309556.2,314972.7,299976.0,300461.2,304468.0,30282.7,190576.3,301329.3,9509.1,8043.5,8000.4,8012.8,8596.4,3679.0,35861.3,7929.1,68581.7,55031.8,68034.1,67816.9,68546.8,13564.9,39890.2,58905.9
D12 S_T0_2,2020-05-28 13:18:20,10.0,129.90,51.20,130.81,123.40,129.70,6.80,1.00,63.00,1299,512,1264,1234,1297,68,10,630,100.00%,81.27%,97.31%,97.63%,99.85%,10.79%,1.59%,51.05%,100.00%,39.41%,97.31%,95.00%,99.85%,5.23%,0.77%,48.50%,4935.2,2776.9,2647.9,2670.8,4890.2,2575.9,4197.5,2768.3,129179.7,180681.1,127352.6,130025.0,121830.8,29680.0,231491.5,158136.8,6120.9,5013.7,5145.7,5252.2,5740.2,3233.9,63854.2,5877.8,68697.9,133989.5,68664.2,69564.3,68629.9,10255.1,64978.7,121873.4
E1 blank,2020-05-28 13:19:43,10.0,6.20,2.20,5.17,5.00,6.20,0.00,0.00,2.70,62,22,50,50,62,0,0,27,100.00%,81.48%,80.65%,100.00%,100.00%,0.00%,0.00%,54.00%,100.00%,35.48%,80.65%,80.65%,100.00%,0.00%,0.00%,43.55%,22289.0,2855.0,2903.9,2903.9,22289.0,####,####,2812.2,130543.8,167420.0,141631.6,141631.6,130543.8,####,####,147090.1,7617.1,4904.0,6512.9,6512.9,7617.1,####,####,5181.3,92202.5,148162.5,133156.8,133156.8,92202.5,####,####,147599.1
E2 blank,2020-05-28 13:21:05,10.0,3.90,0.70,2.90,2.80,3.90,0.20,0.10,1.00,39,7,28,28,39,2,1,10,100.00%,70.00%,71.79%,100.00%,100.00%,20.00%,10.00%,35.71%,100.00%,17.95%,71.79%,71.79%,100.00%,5.13%,2.56%,25.64%,20943.5,2760.3,3189.4,3189.4,20943.5,5089.1,2626.7,3212.7,133830.3,174847.7,163448.0,163448.0,133830.3,11254.4,210037.9,145648.0,8687.2,5440.1,7897.1,7897.1,8687.2,2389.4,17792.6,6065.3,72272.5,128417.0,105500.1,105500.1,72272.5,1828.2,0.0,126743.0
E3 L_T2_R1_1,2020-05-28 13:22:26,10.0,40.30,17.10,40.57,38.80,40.20,0.60,0.40,19.90,403,171,392,388,402,6,4,199,100.00%,85.93%,97.27%,98.98%,99.75%,3.02%,2.01%,51.29%,100.00%,42.43%,97.27%,96.28%,99.75%,1.49%,0.99%,49.38%,5544.2,2677.1,2494.8,2500.0,4707.9,3468.1,4063.9,2744.1,144904.3,188066.2,124195.6,125328.6,131192.0,43253.2,203065.9,172604.8,19485.3,5087.4,4583.6,4623.8,5532.6,4312.8,73149.5,6519.0,62407.5,121785.2,62280.7,62385.8,62574.1,15300.5,57661.2,112404.4
E4 L_T2_R2_1,2020-05-28 13:23:48,10.0,27.20,8.90,26.18,24.60,27.20,0.50,0.20,10.40,272,89,253,246,272,5,2,104,100.00%,85.58%,93.01%,97.23%,100.00%,4.81%,1.92%,42.28%,100.00%,32.72%,93.01%,90.44%,100.00%,1.84%,0.74%,38.24%,5374.0,2837.9,2883.7,2902.0,5374.0,2276.8,3412.7,2768.2,96455.7,137467.1,86879.1,88734.4,96455.7,12478.2,214899.7,125126.4,5362.2,4083.1,4423.4,4527.0,5362.2,1853.1,116629.0,5979.5,44851.8,62284.2,44494.5,45199.1,44851.8,1642.1,41195.8,67536.4
E5 L_T3_R1_1,2020-05-28 13:25:10,10.0,44.30,13.90,41.91,39.20,44.20,1.00,0.40,16.70,443,139,405,392,442,10,4,167,100.00%,83.23%,91.42%,96.79%,99.77%,5.99%,2.40%,42.60%,100.00%,31.38%,91.42%,88.49%,99.77%,2.26%,0.90%,37.70%,4145.4,2665.6,2568.7,2590.9,3571.6,2398.1,4631.0,2731.2,111597.5,152024.3,100680.1,103380.6,100468.5,25309.3,203375.4,144449.8,13576.4,4170.7,4525.9,4646.1,5140.5,3157.7,88022.7,6637.0,53971.8,73317.4,54989.2,55454.7,53351.5,9428.2,54442.6,73239.7
E6 L_T3_R2_1,2020-05-28 13:26:31,10.0,37.40,14.60,37.77,35.40,37.40,0.90,0.40,17.00,374,146,365,354,374,9,4,170,100.00%,85.88%,97.59%,96.99%,100.00%,5.29%,2.35%,48.02%,100.00%,39.04%,97.59%,94.65%,100.00%,2.41%,1.07%,45.45%,3519.3,2564.7,2401.0,2413.5,3519.3,2784.9,4087.5,2588.9,79645.2,106740.1,79847.3,81957.3,79645.2,26149.8,210290.6,101024.0,4059.6,3164.6,3582.0,3677.7,4059.6,2559.6,77425.7,4860.9,40638.1,59803.8,41409.6,41845.8,40638.1,12779.4,46096.3,57402.8
E7 L_T4_R1_1,2020-05-28 13:27:52,10.0,81.10,26.10,71.61,67.60,80.90,1.70,0.30,30.10,811,261,692,676,809,17,3,301,100.00%,86.71%,85.33%,97.69%,99.75%,5.65%,1.00%,44.53%,100.00%,32.18%,85.33%,83.35%,99.75%,2.10%,0.37%,37.11%,5853.3,2646.2,2511.2,2540.1,4657.4,2617.1,2892.2,2642.3,114783.2,140430.7,99552.0,101470.2,104229.1,40755.8,175898.4,130627.5,10176.6,4057.3,3629.9,3701.9,4613.0,3963.4,52158.2,4675.7,51671.1,72030.5,49991.6,50751.9,51528.9,17258.9,97598.5,68951.0
E8 L_T4_R2_1,2020-05-28 13:29:14,10.0,53.10,17.10,48.64,45.00,53.10,1.30,0.30,20.30,531,171,470,450,531,13,3,203,100.00%,84.24%,88.51%,95.74%,100.00%,6.40%,1.48%,45.11%,100.00%,32.20%,88.51%,84.75%,100.00%,2.45%,0.56%,38.23%,3921.0,2533.0,2345.4,2360.1,3921.0,2789.9,3275.6,2554.3,86625.7,102541.8,83715.3,86559.5,86625.7,26039.6,178164.2,95346.5,3849.8,3068.1,3242.5,3356.9,3849.8,2528.3,26831.2,3481.0,41941.4,56294.8,43087.1,45048.4,41941.4,5619.5,48973.1,54722.8
E9 blank,2020-05-28 13:30:35,10.0,1.80,0.50,1.45,1.40,1.80,0.10,0.00,0.70,18,5,14,14,18,1,0,7,100.00%,71.43%,77.78%,100.00%,100.00%,14.29%,0.00%,50.00%,100.00%,27.78%,77.78%,77.78%,100.00%,5.56%,0.00%,38.89%,19802.5,2892.6,2690.3,2690.3,19802.5,3447.3,####,3074.1,100045.6,62080.3,121389.8,121389.8,100045.6,30750.7,####,67838.9,4836.6,1880.6,3583.5,3583.5,4836.6,3160.8,####,3230.0,20327.9,20775.2,23579.3,23579.3,20327.9,0.0,####,30494.9
E10 L_T5_R1_1,2020-05-28 13:31:57,10.0,71.30,29.60,72.85,67.70,71.30,1.70,0.60,33.30,713,296,704,677,713,17,6,333,100.00%,88.89%,98.74%,96.16%,100.00%,5.11%,1.80%,49.19%,100.00%,41.51%,98.74%,94.95%,100.00%,2.38%,0.84%,46.70%,3591.2,2567.3,2591.9,2630.8,3591.2,2762.0,3324.4,2588.0,109177.2,135885.6,105780.0,109497.8,109177.2,26813.9,189398.6,127848.0,4520.1,3782.6,4005.2,4142.6,4520.1,2716.3,55260.4,4654.7,63160.4,78328.4,62812.0,61315.3,63160.4,5103.9,64191.2,81137.1
E11 L_T5_R2_1,2020-05-28 13:33:18,10.0,75.70,27.10,68.71,64.50,75.70,1.20,0.40,30.50,757,271,664,645,757,12,4,305,100.00%,88.85%,87.71%,97.14%,100.00%,3.93%,1.31%,47.29%,100.00%,35.80%,87.71%,85.20%,100.00%,1.59%,0.53%,40.29%,3276.7,2533.9,2344.9,2371.6,3276.7,2425.9,3664.5,2583.0,100412.6,120906.5,94038.5,95985.7,100412.6,23535.5,199809.6,114746.5,5621.0,3526.8,3835.9,3922.9,5621.0,2197.8,73844.6,4630.3,57779.4,67114.5,57518.5,57351.9,57779.4,5750.6,29633.8,67063.8
E12 L_T6_R1_1,2020-05-28 13:34:41,10.0,122.90,46.70,125.53,117.00,122.90,2.60,1.30,53.50,1229,467,1213,1170,1229,26,13,535,100.00%,87.29%,98.70%,96.46%,100.00%,4.86%,2.43%,45.73%,100.00%,38.00%,98.70%,95.20%,100.00%,2.12%,1.06%,43.53%,4024.5,2448.4,2278.8,2306.2,4024.5,2497.6,3579.6,2483.8,75471.2,88450.6,73085.9,74984.3,75471.2,34485.9,183058.3,86704.3,4952.1,2751.0,3681.8,3786.8,4952.1,3334.5,68629.8,4736.6,49201.6,55299.5,49524.6,49736.7,49201.6,10204.8,36394.1,55784.9
F1 blank,2020-05-28 12:04:08,30.0,12.80,2.07,10.87,10.43,12.57,1.13,0.13,5.93,384,62,315,313,377,34,4,178,100.00%,34.83%,82.03%,99.37%,98.18%,19.10%,2.25%,56.87%,100.00%,16.15%,82.03%,81.51%,98.18%,8.85%,1.04%,46.35%,12516.4,2972.2,4653.1,4668.4,11460.2,2904.2,4994.5,3451.3,127138.2,157070.8,97080.9,97586.4,100787.7,55544.6,204488.7,95614.3,36221.7,4691.7,11890.6,11962.2,16634.7,7219.5,20179.5,9408.6,54725.1,134449.1,54166.1,54548.9,51654.4,34102.8,23451.4,56159.9
F2 blank,2020-05-28 13:36:04,10.0,4.00,1.00,2.90,2.80,4.00,0.00,0.10,1.30,40,10,28,28,40,0,1,13,100.00%,76.92%,70.00%,100.00%,100.00%,0.00%,7.69%,46.43%,100.00%,25.00%,70.00%,70.00%,100.00%,0.00%,2.50%,32.50%,10248.5,3150.7,3766.6,3766.6,10248.5,####,7671.7,3618.0,54258.2,68692.9,53032.5,53032.5,54258.2,####,265563.9,76069.6,4412.9,2125.1,3756.8,3756.8,4412.9,####,34420.7,5661.8,28399.9,47380.9,31170.8,31170.8,28399.9,####,0.0,52504.1
F3 L_T2_R1_1,2020-05-28 13:37:26,10.0,39.50,15.20,40.15,37.90,39.40,0.90,0.40,17.90,395,152,388,379,394,9,4,179,100.00%,84.92%,98.23%,97.68%,99.75%,5.03%,2.23%,47.23%,100.00%,38.48%,98.23%,95.95%,99.75%,2.28%,1.01%,45.32%,3427.9,2729.0,2698.4,2717.1,3298.4,2918.7,3741.0,2744.0,136325.3,205003.1,121831.5,124439.2,124104.9,53879.5,198005.0,183639.6,6294.3,5274.7,5385.0,5500.9,5952.1,5436.4,102427.1,7564.9,63321.1,119512.1,64267.1,64466.6,63281.8,28290.7,62082.1,109871.5
01-Well-F4,2020-05-28 13:38:47,10.0,45.80,16.70,45.95,42.60,45.80,0.80,0.30,19.40,458,167,444,426,458,8,3,194,100.00%,86.08%,96.94%,95.95%,100.00%,4.12%,1.55%,45.54%,100.00%,36.46%,96.94%,93.01%,100.00%,1.75%,0.66%,42.36%,5268.5,2583.4,2433.0,2459.9,5268.5,2828.4,4083.5,2619.7,80749.8,105284.9,77059.7,79689.3,80749.8,19372.6,142539.7,95685.2,4125.6,3133.2,3106.2,3215.2,4125.6,2378.7,32447.7,3934.1,36828.5,59247.1,37378.6,40410.7,36828.5,6377.1,28098.1,56068.3
01-Well-F5,2020-05-28 13:40:08,10.1,46.74,16.81,46.28,42.87,46.74,1.19,0.30,19.79,470,169,450,431,470,12,3,199,100.00%,84.92%,95.74%,95.78%,100.00%,6.03%,1.51%,46.17%,100.00%,35.96%,95.74%,91.70%,100.00%,2.55%,0.64%,42.34%,4672.3,2569.3,3236.1,2708.2,4672.3,2810.5,2659.5,2587.3,112243.6,132956.7,109267.5,112859.9,112243.6,29500.9,179995.9,120926.7,6637.6,3814.0,5898.2,4908.4,6637.6,2865.6,50006.7,4379.5,44601.3,73383.7,45603.7,50679.9,44601.3,5326.9,40564.8,67809.5
01-Well-F6,2020-05-28 13:41:30,10.0,70.50,22.70,66.85,62.80,70.50,1.20,0.30,26.50,705,227,646,628,705,12,3,265,100.00%,85.66%,91.63%,97.21%,100.00%,4.53%,1.13%,42.20%,100.00%,32.20%,91.63%,89.08%,100.00%,1.70%,0.43%,37.59%,3670.4,2630.2,2384.8,2403.6,3670.4,2379.0,4753.3,2651.4,85381.1,106919.7,83741.7,85053.9,85381.1,29448.1,205181.2,100237.9,3934.7,3051.2,3424.5,3488.5,3934.7,2665.9,115846.5,4375.6,44383.9,59384.1,44436.9,45127.3,44383.9,3708.1,13889.7,58090.6
01-Well-F7,2020-05-28 13:42:51,10.0,61.10,19.90,61.57,57.10,61.10,1.20,0.30,22.90,611,199,595,571,611,12,3,229,100.00%,86.90%,97.38%,95.97%,100.00%,5.24%,1.31%,40.11%,100.00%,32.57%,97.38%,93.45%,100.00%,1.96%,0.49%,37.48%,4665.2,2491.1,2457.6,2477.6,4665.2,2861.2,2962.2,2516.9,80255.3,113740.0,79257.8,82012.4,80255.3,22810.8,183557.3,106804.0,3895.4,3363.2,3121.5,3231.3,3895.4,2778.9,48946.2,4026.8,45509.0,57285.7,44791.7,49040.6,45509.0,7749.0,57416.8,58897.5
01-Well-F8,2020-05-28 13:44:12,10.0,29.60,10.60,27.84,26.10,29.60,0.80,0.10,12.60,296,106,269,261,296,8,1,126,100.00%,84.13%,90.88%,97.03%,100.00%,6.35%,0.79%,48.28%,100.00%,35.81%,90.88%,88.18%,100.00%,2.70%,0.34%,42.57%,3379.1,2440.8,2297.2,2319.0,3379.1,2718.0,3071.0,2499.3,83530.3,98324.6,77457.1,79448.5,83530.3,23636.2,184132.2,91987.8,3341.6,2955.5,3025.7,3102.2,3341.6,2961.7,62214.5,3588.3,51000.6,54614.7,48443.8,49587.8,51000.6,7981.1,0.0,56087.3
01-Well-F9,2020-05-28 13:45:34,10.0,0.70,0.10,0.41,0.30,0.70,0.10,0.00,0.20,7,1,4,3,7,1,0,2,100.00%,50.00%,57.14%,75.00%,100.00%,50.00%,0.00%,66.67%,100.00%,14.29%,57.14%,42.86%,100.00%,14.29%,0.00%,28.57%,23717.2,4120.5,3451.4,3858.6,23717.2,5527.5,####,4824.0,81176.7,381903.3,123619.1,161131.4,81176.7,12597.8,####,197250.6,6645.2,14653.0,5036.7,6571.6,6645.2,2535.3,####,8594.2,6898.1,0.0,57681.4,113115.6,6898.1,0.0,####,273766.2
01-Well-F10,2020-05-28 13:46:55,10.0,78.80,30.10,80.62,75.10,78.70,2.70,0.70,35.50,788,301,779,751,787,27,7,355,100.00%,84.79%,98.86%,96.41%,99.87%,7.61%,1.97%,47.27%,100.00%,38.20%,98.86%,95.30%,99.87%,3.43%,0.89%,45.05%,3719.9,2464.1,2323.0,2353.3,3301.4,2529.0,2665.8,2511.3,106494.8,136381.0,99026.4,102050.5,99431.4,33488.6,186693.1,126225.2,7156.1,3851.4,3961.5,4085.4,4385.4,3026.3,49616.1,5240.3,62900.5,81600.2,62639.4,62318.9,62932.1,9317.3,39815.5,82634.2
01-Well-F11,2020-05-28 13:48:16,10.0,59.10,20.60,53.81,50.90,59.00,1.00,0.30,23.50,591,206,520,509,590,10,3,235,100.00%,87.66%,87.99%,97.88%,99.83%,4.26%,1.28%,46.17%,100.00%,34.86%,87.99%,86.13%,99.83%,1.69%,0.51%,39.76%,3571.5,2525.0,2264.7,2280.5,3307.8,2389.1,3922.7,2534.1,94418.7,106548.0,82060.4,83590.5,85336.4,36686.8,213139.6,100491.6,6513.1,3114.8,3314.6,3374.5,3892.3,3437.8,89354.5,4245.0,51319.3,64388.0,51558.6,52657.4,51162.2,15666.8,52348.2,61790.5
01-Well-F12,2020-05-28 13:49:38,10.0,75.80,30.60,77.93,73.90,75.80,0.70,0.80,33.60,758,306,753,739,758,7,8,336,100.00%,91.07%,99.34%,98.14%,100.00%,2.08%,2.38%,45.47%,100.00%,40.37%,99.34%,97.49%,100.00%,0.92%,1.06%,44.33%,3151.7,2394.5,2265.9,2278.8,3151.7,2366.7,3676.1,2444.0,75423.9,82573.0,74515.5,75642.6,75423.9,29583.6,220161.1,84085.0,4052.2,2582.3,3523.9,3581.3,4052.2,3438.4,71089.5,4346.4,48297.1,54752.4,48029.1,49728.5,48297.1,5781.5,65624.7,56346.0
01-Well-G1,2020-05-28 13:51:01,10.0,89.40,33.20,90.96,84.90,89.30,1.70,0.40,36.40,894,332,879,849,893,17,4,364,100.00%,91.21%,98.32%,96.59%,99.89%,4.67%,1.10%,42.87%,100.00%,37.14%,98.32%,94.97%,99.89%,1.90%,0.45%,40.72%,3601.5,2460.4,2289.5,2307.1,3325.7,2658.4,3889.5,2504.2,79325.1,81999.6,71029.6,72736.9,73609.6,34173.4,170980.5,80594.3,8309.4,2565.9,3006.1,3085.7,4091.8,3093.2,74563.7,3550.2,46847.3,50522.0,47737.8,48491.5,46566.4,10591.8,32333.1,51979.3
01-Well-G2,2020-05-28 13:52:23,10.0,159.84,70.02,152.85,145.34,159.74,7.80,1.30,81.22,1598,700,1477,1453,1597,78,13,812,100.00%,86.21%,92.43%,98.38%,99.94%,9.61%,1.60%,55.88%,100.00%,43.80%,92.43%,90.93%,99.94%,4.88%,0.81%,50.81%,2770.0,2667.7,2532.5,2547.3,2749.3,2523.8,3456.2,2693.8,165921.3,220403.8,163520.6,165892.6,162565.4,23897.4,212080.8,197331.3,5902.7,5418.8,5841.2,5926.3,5826.2,2738.8,61538.1,6198.2,131258.1,168425.0,132787.6,134355.1,131124.4,7802.9,34782.8,188827.7
01-Well-G3,2020-05-28 13:53:44,10.0,57.60,25.60,59.09,55.50,57.60,2.60,0.50,29.30,576,256,571,555,576,26,5,293,100.00%,87.37%,99.13%,97.20%,100.00%,8.87%,1.71%,52.79%,100.00%,44.44%,99.13%,96.35%,100.00%,4.51%,0.87%,50.87%,2852.5,2600.4,2329.5,2352.3,2852.5,2438.9,2949.3,2585.3,138409.8,198152.5,139132.7,142757.0,138409.8,21579.5,200372.6,179293.1,4553.9,4885.5,4248.8,4354.0,4553.9,2669.3,50361.9,5516.6,82548.6,160710.0,82710.4,83325.8,82548.6,8933.5,66791.9,138957.0
01-Well-G4,2020-05-28 13:55:06,10.0,182.10,91.00,181.72,173.00,182.10,10.10,0.60,104.50,1821,910,1756,1730,1821,101,6,1045,100.00%,87.08%,96.43%,98.52%,100.00%,9.67%,0.57%,60.40%,100.00%,49.97%,96.43%,95.00%,100.00%,5.55%,0.33%,57.39%,3628.7,2768.8,2646.0,2661.0,3628.7,2437.5,3613.2,2745.7,207680.8,260106.7,206031.9,208903.6,207680.8,26246.4,187020.2,231348.5,6781.2,6565.0,5973.2,6053.5,6781.2,2840.4,50185.8,6513.7,199967.9,137781.9,202605.6,204453.3,199967.9,8824.7,22224.5,180561.4
01-Well-G5,2020-05-28 13:56:27,10.0,79.60,37.20,71.61,67.90,79.50,3.10,0.10,41.20,796,372,692,679,795,31,1,412,100.00%,90.29%,86.93%,98.12%,99.87%,7.52%,0.24%,60.68%,100.00%,46.73%,86.93%,85.30%,99.87%,3.89%,0.13%,51.76%,4364.8,2620.4,2440.2,2451.9,4335.8,2441.4,3732.5,2622.0,192648.2,225160.9,183190.8,186277.5,186999.3,19932.6,209763.7,207221.5,6244.8,5572.1,5007.7,5089.4,6072.1,2392.0,31707.2,5470.0,162341.2,153509.5,161094.4,164342.4,161744.4,10383.1,0.0,172823.2
01-Well-G6,2020-05-28 13:57:49,10.0,102.90,55.40,104.62,99.60,102.70,4.00,0.20,60.90,1029,554,1011,996,1027,40,2,609,100.00%,90.97%,98.25%,98.52%,99.81%,6.57%,0.33%,61.14%,100.00%,53.84%,98.25%,96.79%,99.81%,3.89%,0.19%,59.18%,4241.6,2754.7,2619.3,2634.6,4062.0,2565.6,6326.5,2760.2,242953.9,265136.4,223939.8,226996.1,238094.8,25216.2,267952.0,244928.2,8532.8,6558.1,6248.4,6324.6,7241.9,3341.9,46905.4,6544.1,165157.2,94417.2,162528.2,159562.7,165548.0,11585.2,31633.2,117704.2
01-Well-G7,2020-05-28 13:59:11,10.0,187.80,94.90,178.93,170.80,187.30,6.60,0.90,104.30,1878,949,1729,1708,1873,66,9,1043,100.00%,90.99%,92.07%,98.79%,99.73%,6.33%,0.86%,61.07%,100.00%,50.53%,92.07%,90.95%,99.73%,3.51%,0.48%,55.54%,2856.9,2769.0,2574.1,2586.4,2761.6,2497.3,3673.5,2772.5,225906.8,269952.9,215306.6,217706.7,216778.4,23864.3,260325.4,250425.5,7084.7,6878.5,6448.6,6518.0,6696.6,2824.2,82563.5,7375.7,182830.0,108392.9,181024.4,178558.5,182459.2,5329.2,96575.1,126319.1
01-Well-G8,2020-05-28 14:00:32,10.0,210.60,112.50,208.52,199.90,210.00,9.20,0.00,123.10,2106,1125,2015,1999,2100,92,0,1231,100.00%,91.39%,95.68%,99.21%,99.72%,7.47%,0.00%,61.58%,100.00%,53.42%,95.68%,94.92%,99.72%,4.37%,0.00%,58.45%,3448.8,2856.6,2709.7,2718.0,3007.1,2539.9,####,2840.0,247571.5,285491.8,243369.5,245016.8,242353.4,24482.9,####,263785.5,9618.9,6963.0,6305.1,6343.9,6581.1,2983.6,####,6666.0,142901.3,87755.4,142950.4,138866.8,143130.2,9165.1,####,101202.0
01-Well-G9,2020-05-28 14:01:54,10.0,73.00,40.60,74.51,71.40,72.70,3.70,0.10,45.00,730,406,720,714,727,37,1,450,100.00%,90.22%,98.63%,99.17%,99.59%,8.22%,0.22%,63.03%,100.00%,55.62%,98.63%,97.81%,99.59%,5.07%,0.14%,61.64%,4378.4,2866.2,2754.9,2763.6,3034.3,2567.7,2301.6,2841.7,266199.4,282900.7,239292.4,241139.8,245680.8,25457.6,137441.5,258463.0,15109.9,6834.0,6205.3,6250.0,6727.0,2972.6,15901.6,6516.4,120189.2,74273.9,117843.6,115021.4,119286.0,9228.7,0.0,84582.3
01-Well-G10,2020-05-28 14:03:15,10.0,260.70,126.90,266.79,255.20,260.40,11.40,0.20,147.20,2607,1269,2578,2552,2604,114,2,1472,100.00%,86.21%,98.89%,98.99%,99.88%,7.74%,0.14%,57.68%,100.00%,48.68%,98.89%,97.89%,99.88%,4.37%,0.08%,56.46%,3322.3,2611.5,2400.0,2408.4,3056.4,2453.8,4639.6,2605.4,166734.0,217583.9,160451.0,161579.8,162602.9,28067.9,150570.7,193025.9,6994.2,5568.2,4619.3,4648.6,6142.3,2781.6,55564.7,5342.3,78022.7,181403.8,77782.2,79324.5,77943.8,7052.5,82185.0,129970.3
01-Well-G11,2020-05-28 14:04:36,10.0,477.33,278.22,453.58,436.72,476.03,26.60,0.70,309.92,4773,2782,4383,4367,4760,266,7,3099,100.00%,89.77%,91.83%,99.63%,99.73%,8.58%,0.23%,70.96%,100.00%,58.29%,91.83%,91.49%,99.73%,5.57%,0.15%,64.93%,3073.9,2963.9,2906.3,2911.1,2982.2,2635.2,4978.1,2943.5,272232.1,300840.2,265365.8,266260.8,269307.5,27521.5,272066.4,274053.8,7872.7,7401.6,7331.8,7355.1,7530.7,3366.0,71378.3,7192.1,97650.6,69429.2,96809.9,96103.1,97338.7,11765.7,146431.8,80926.7
01-Well-G12,2020-05-28 14:05:58,10.0,76.00,28.20,76.17,71.80,75.70,3.40,0.70,34.90,760,282,736,718,757,34,7,349,100.00%,80.80%,96.84%,97.55%,99.61%,9.74%,2.01%,48.61%,100.00%,37.11%,96.84%,94.47%,99.61%,4.47%,0.92%,45.92%,3846.8,2581.2,2531.4,2553.4,3488.5,2689.4,4051.9,2648.1,131014.7,161401.4,112429.1,114932.5,118530.6,29535.3,164735.2,142491.0,6368.4,4239.6,4238.7,4327.5,5507.5,3664.8,60633.1,5441.3,63308.1,133079.2,63198.2,65474.3,63105.5,9919.4,50266.8,114953.2
01-Well-H1,2020-05-28 14:07:21,10.0,101.20,37.30,102.97,95.60,101.20,1.80,0.70,42.00,1012,373,995,956,1012,18,7,420,100.00%,88.81%,98.32%,96.08%,100.00%,4.29%,1.67%,43.93%,100.00%,36.86%,98.32%,94.47%,100.00%,1.78%,0.69%,41.50%,4805.7,2476.3,2363.7,2391.9,4805.7,2483.3,3627.6,2494.5,79006.2,96686.5,74867.9,77185.2,79006.2,26445.8,168867.2,93731.7,3875.1,2949.0,3176.5,3277.4,3875.1,2634.0,51719.0,3830.0,48075.8,52968.1,47881.5,49591.4,48075.8,6238.1,25205.7,56462.7
01-Well-H2,2020-05-28 14:08:43,10.0,78.30,29.60,69.03,65.30,78.30,4.30,0.20,35.10,783,296,667,653,783,43,2,351,100.00%,84.33%,85.19%,97.90%,100.00%,12.25%,0.57%,53.75%,100.00%,37.80%,85.19%,83.40%,100.00%,5.49%,0.26%,44.83%,2753.2,2645.3,2428.9,2455.8,2753.2,2494.3,3684.8,2627.0,161747.5,224500.3,160646.9,163757.3,161747.5,23603.7,235341.4,195625.2,5407.3,5654.9,5448.9,5548.9,5407.3,2620.0,76556.8,5705.6,120072.4,167793.8,108431.3,121398.6,120072.4,9252.6,21301.0,202372.4
01-Well-H3,2020-05-28 14:10:05,10.0,72.90,31.50,74.41,69.80,72.90,3.90,0.50,37.30,729,315,719,698,729,39,5,373,100.00%,84.45%,98.63%,97.08%,100.00%,10.46%,1.34%,53.44%,100.00%,43.21%,98.63%,95.75%,100.00%,5.35%,0.69%,51.17%,3310.6,2641.5,2464.0,2487.2,3310.6,2718.6,3577.6,2673.4,156990.2,200400.8,152206.3,156187.6,156990.2,29607.5,247887.3,177618.4,5605.7,5102.7,4879.1,5003.1,5605.7,3306.7,77161.6,5879.3,100456.8,178825.6,100648.8,106202.2,100456.8,12067.5,31781.8,172895.0
01-Well-H4,2020-05-28 14:11:26,10.0,116.30,62.40,118.60,113.50,116.20,5.50,0.30,69.50,1163,624,1146,1135,1162,55,3,695,100.00%,89.78%,98.54%,99.04%,99.91%,7.91%,0.43%,61.23%,100.00%,53.65%,98.54%,97.59%,99.91%,4.73%,0.26%,59.76%,3961.7,2714.8,2558.1,2568.6,3915.1,2549.7,3875.6,2709.7,211818.3,256339.3,203181.9,205001.6,207318.9,23595.8,180878.7,233603.5,7372.5,6432.6,5770.8,5820.3,7197.3,2966.0,94665.1,6529.9,208566.7,141737.1,208015.8,208063.6,208371.8,10507.3,66504.1,177799.5
01-Well-H5,2020-05-28 14:12:48,10.0,25.60,11.20,23.59,22.30,25.60,0.60,0.00,12.30,256,112,228,223,256,6,0,123,100.00%,91.06%,89.06%,97.81%,100.00%,4.88%,0.00%,55.16%,100.00%,43.75%,89.06%,87.11%,100.00%,2.34%,0.00%,48.05%,2758.0,2767.5,2505.1,2538.7,2758.0,2819.3,####,2768.4,202778.3,262951.1,206499.3,210788.4,202778.3,15760.9,####,243790.9,5934.1,6807.3,6058.6,6182.7,5934.1,2386.6,####,6972.8,198249.2,144843.0,195001.1,195014.7,198249.2,2390.0,####,167806.3
01-Well-H6,2020-05-28 14:14:09,10.0,101.40,53.90,102.87,98.20,101.30,4.90,0.10,59.90,1014,539,994,982,1013,49,1,599,100.00%,89.98%,98.03%,98.79%,99.90%,8.18%,0.17%,61.00%,100.00%,53.16%,98.03%,96.84%,99.90%,4.83%,0.10%,59.07%,3407.9,2754.2,2561.0,2568.7,3409.2,2554.1,2686.9,2742.5,229449.5,255229.1,212545.8,214813.1,229398.0,24601.6,167729.4,232654.2,8713.9,6167.3,5910.5,5969.8,8716.4,3191.0,61999.0,5991.2,160381.0,96155.5,160111.3,157290.0,160545.2,8196.4,0.0,123305.6
01-Well-H7,2020-05-28 14:15:30,10.0,282.79,152.96,289.35,276.61,282.59,11.77,0.90,168.02,2836,1534,2804,2774,2834,118,9,1685,100.00%,91.04%,98.87%,98.93%,99.93%,7.00%,0.53%,60.74%,100.00%,54.09%,98.87%,97.81%,99.93%,4.16%,0.32%,59.41%,3399.2,2726.6,2563.4,2572.8,2944.1,2521.8,3962.1,2722.7,214377.6,257080.9,207832.3,209901.4,210626.2,21934.9,213009.2,237770.8,8803.3,6420.8,5759.1,5813.7,6207.1,2690.8,52015.5,6415.1,182850.9,104990.3,180815.8,178246.3,182631.0,9923.3,24572.5,131989.2
01-Well-H8,2020-05-28 14:16:52,10.0,181.90,93.90,171.89,164.90,181.80,9.50,0.50,106.10,1819,939,1661,1649,1818,95,5,1061,100.00%,88.50%,91.31%,99.28%,99.95%,8.95%,0.47%,64.34%,100.00%,51.62%,91.31%,90.65%,99.95%,5.22%,0.27%,58.33%,4113.7,2850.8,2762.9,2772.0,3183.2,2671.1,4305.9,2841.3,250206.6,289949.4,244388.5,246045.9,247228.2,29155.5,193747.2,261655.6,10764.0,7358.6,6942.5,6983.8,7661.3,3373.1,46350.0,7174.6,166942.5,104842.5,165098.7,162012.6,165619.7,13018.6,45835.8,126136.6
01-Well-H9,2020-05-28 14:18:13,10.0,111.50,48.30,113.52,108.10,111.30,4.60,0.50,56.70,1115,483,1097,1081,1113,46,5,567,100.00%,85.19%,98.39%,98.54%,99.82%,8.11%,0.88%,52.45%,100.00%,43.32%,98.39%,96.95%,99.82%,4.13%,0.45%,50.85%,4644.8,2616.1,2365.7,2382.9,4197.9,2575.4,3000.5,2627.5,170486.1,207563.9,154549.5,156298.5,161665.0,25551.6,196023.2,183353.7,13774.3,5218.6,4845.0,4894.3,7202.6,2888.6,48959.7,5417.3,90177.7,185970.1,89254.3,92828.3,89441.7,8605.2,65677.3,144758.4
01-Well-H10,2020-05-28 14:19:35,10.0,546.80,294.00,561.62,538.60,546.30,54.00,1.40,356.10,5468,2940,5427,5386,5463,540,14,3561,100.00%,82.56%,99.25%,99.24%,99.91%,15.16%,0.39%,66.12%,100.00%,53.77%,99.25%,98.50%,99.91%,9.88%,0.26%,65.12%,3155.2,2922.6,2801.2,2809.8,3140.0,2616.8,3814.1,2882.4,246735.7,307696.9,243106.1,244816.4,244487.8,23816.6,189184.1,259494.7,7235.3,7634.5,6882.6,6926.9,7153.9,2548.1,57761.7,7036.8,207021.1,100112.9,204575.7,201750.4,206634.4,8265.0,98181.6,144627.5
01-Well-H11,2020-05-28 14:20:56,10.0,538.90,321.00,520.85,502.30,537.10,22.40,0.60,348.20,5389,3210,5033,5023,5371,224,6,3482,100.00%,92.19%,93.39%,99.80%,99.67%,6.43%,0.17%,69.32%,100.00%,59.57%,93.39%,93.21%,99.67%,4.16%,0.11%,64.61%,3632.1,3015.7,2908.1,2911.0,3287.3,2613.9,4544.6,2992.9,294982.8,316280.7,286836.4,287375.5,290817.0,24985.5,197657.3,294373.2,10966.9,8088.6,7797.1,7811.1,8854.5,3062.1,47742.3,7873.1,98652.0,72525.8,96160.1,95798.2,98498.9,10146.1,76294.8,82198.0
01-Well-H12,2020-05-28 14:22:18,10.0,53.10,17.20,51.85,48.30,53.00,3.00,0.20,22.60,531,172,501,483,530,30,2,226,100.00%,76.11%,94.35%,96.41%,99.81%,13.27%,0.88%,46.79%,100.00%,32.39%,94.35%,90.96%,99.81%,5.65%,0.38%,42.56%,6346.8,2610.9,2563.6,2592.0,3915.5,2687.3,3695.0,2661.9,116533.4,146976.7,104834.7,108229.6,107075.0,23668.5,206320.8,126070.2,8379.5,4069.3,4365.6,4508.0,5433.9,2363.8,55624.1,4771.4,59090.4,107723.3,57376.5,61112.0,59034.9,4597.8,19480.3,98444.4
A1 S_T1_R1_1(1),2020-05-28 14:39:23,30.0,203.80,69.08,199.25,170.00,203.80,9.20,0.27,84.65,6113,2072,5776,5099,6113,276,8,2539,100.00%,81.61%,94.49%,88.28%,100.00%,10.87%,0.32%,49.79%,100.00%,33.89%,94.49%,83.41%,100.00%,4.51%,0.13%,41.53%,5087.1,5238.3,3753.5,4138.0,5087.1,4701.1,4587.4,5151.2,135432.2,176489.1,122424.4,133136.3,135432.2,22454.2,143138.8,149324.3,5135.0,4988.5,3970.9,4314.8,5135.0,2051.6,49089.2,4682.2,34489.0,64912.4,33443.7,37440.0,34489.0,6656.1,52517.2,48515.7
A2 S_T1_R2_1(1),2020-05-28 14:47:53,30.0,167.03,72.13,162.27,150.69,166.90,10.04,0.10,88.93,5009,2163,4704,4519,5005,301,3,2667,100.00%,81.10%,93.91%,96.07%,99.92%,11.29%,0.11%,59.02%,100.00%,43.18%,93.91%,90.22%,99.92%,6.01%,0.06%,53.24%,5833.9,3516.4,3397.4,3461.9,5615.9,3160.1,2926.7,3442.9,194783.1,245584.9,181077.5,187801.0,192670.6,22866.4,186550.0,204063.4,6736.9,6456.0,5208.2,5396.9,6632.6,2234.1,65429.6,5696.8,45134.8,189307.6,44150.2,48631.4,45134.8,7781.3,81083.8,85224.1
A3 S_T2_R1_1(1),2020-05-28 14:49:14,30.0,266.88,124.67,263.30,246.38,266.68,10.87,1.23,143.48,8006,3740,7633,7391,8000,326,37,4304,100.00%,86.90%,95.34%,96.83%,99.93%,7.57%,0.86%,58.23%,100.00%,46.71%,95.34%,92.32%,99.93%,4.07%,0.46%,53.76%,3723.6,2935.4,2804.4,2840.8,3570.3,2988.7,3915.8,2959.8,160015.6,210278.1,154469.4,158838.2,158601.3,26003.4,176993.9,188474.1,6021.0,5563.8,4987.2,5127.4,5859.4,2492.6,62767.8,5736.9,77656.7,167277.2,77796.5,81870.5,77554.7,7822.7,35161.0,120976.5
A4 S_T2_R2_1(1),2020-05-28 14:50:35,30.0,333.62,157.01,328.26,308.75,333.46,11.30,1.37,177.58,10008,4710,9516,9262,10003,339,41,5327,100.00%,88.42%,95.08%,97.33%,99.95%,6.36%,0.77%,57.51%,100.00%,47.06%,95.08%,92.55%,99.95%,3.39%,0.41%,53.23%,3963.3,3069.9,3028.1,3064.3,3737.5,3373.8,3785.9,3100.8,150299.9,192519.5,141649.7,144760.4,147913.7,26694.4,173627.5,175253.9,5869.2,5075.1,4491.2,4590.2,5386.8,2495.6,56415.0,5286.3,69857.9,134396.8,68702.4,71604.0,69802.7,7437.5,39778.5,106392.9
A5 S_T3_R1_1(1),2020-05-28 14:51:57,30.0,361.14,161.60,358.82,336.47,360.74,8.73,2.43,181.40,10834,4848,10402,10094,10822,262,73,5442,100.00%,89.08%,96.01%,97.04%,99.89%,4.81%,1.34%,53.91%,100.00%,44.75%,96.01%,93.17%,99.89%,2.42%,0.67%,50.23%,3476.9,2733.5,2625.1,2651.9,3303.1,2909.7,3978.8,2773.1,135104.8,165914.3,123086.9,126147.4,131031.9,29733.8,187532.8,154145.6,5126.7,4490.7,4335.7,4443.6,4899.6,2808.4,62737.2,5249.1,60660.8,93076.1,59687.6,61565.0,60470.4,8653.1,34254.4,89357.9
A6 S_T3_R2_1(1),2020-05-28 14:53:18,30.0,344.98,154.27,340.37,318.68,344.62,9.80,1.60,173.67,10349,4628,9867,9560,10338,294,48,5210,100.00%,88.83%,95.34%,96.89%,99.89%,5.64%,0.92%,54.50%,100.00%,44.72%,95.34%,92.38%,99.89%,2.84%,0.46%,50.34%,3894.3,2842.3,2742.2,2776.4,3626.8,3083.1,4479.0,2878.5,143283.4,182718.5,137445.7,140977.0,141089.7,27764.2,196970.1,167993.0,5566.9,4881.2,4608.2,4728.1,5112.9,2752.7,66353.2,5317.4,68325.5,110039.8,67627.5,70135.6,68200.1,11126.8,40049.8,101672.9
A7 S_T4_R1_1(1),2020-05-28 14:54:39,30.0,495.77,214.50,490.77,459.04,495.27,10.20,2.73,236.27,14873,6435,14227,13771,14858,306,82,7088,100.00%,90.79%,95.66%,96.79%,99.90%,4.32%,1.16%,51.47%,100.00%,43.27%,95.66%,92.59%,99.90%,2.06%,0.55%,47.66%,3413.1,2752.9,2686.5,2716.0,3234.6,3122.6,3996.3,2792.9,123409.7,147946.2,114513.9,117407.1,119820.0,31146.7,178069.5,140013.7,5395.6,3961.0,4209.0,4320.2,4958.2,3159.7,60938.8,4669.3,58667.1,82777.7,58114.4,59165.7,58606.9,9540.3,37382.0,80905.7
A8 S_T4_R2_1(1),2020-05-28 14:56:00,30.0,493.45,213.44,488.73,458.54,493.21,10.03,3.07,237.61,14803,6403,14168,13756,14796,301,92,7128,100.00%,89.83%,95.71%,97.09%,99.95%,4.22%,1.29%,51.82%,100.00%,43.25%,95.71%,92.93%,99.95%,2.03%,0.62%,48.15%,2903.0,2642.2,2517.3,2543.9,2882.2,3128.2,4138.6,2702.1,106417.9,132121.4,102233.1,104414.9,104695.3,34890.5,177575.8,125509.5,4298.9,3674.8,3789.2,3874.7,4211.6,3249.2,59029.1,4453.9,47845.3,64854.7,47680.6,48564.4,47821.7,11812.8,44738.3,64546.2
A9 blank(1),2020-05-28 14:46:18,30.0,201.13,79.97,198.76,186.60,200.87,4.90,1.50,91.67,6034,2399,5762,5598,6026,147,45,2750,100.00%,87.24%,95.49%,97.15%,99.87%,5.35%,1.64%,49.12%,100.00%,39.76%,95.49%,92.77%,99.87%,2.44%,0.75%,45.58%,2742.3,2592.7,2461.5,2481.3,2694.4,2701.9,4336.7,2642.3,132615.1,171540.9,125510.4,128570.7,128432.5,28622.0,237449.6,160146.6,5411.4,4739.9,4799.8,4918.8,5162.2,3260.3,72076.1,5932.9,63940.6,95824.6,63959.4,63294.4,63903.0,10994.7,46653.1,95318.5
A10 S_T5_R1_1(1),2020-05-28 14:57:22,30.0,633.40,272.33,633.37,594.43,633.03,14.43,3.37,302.13,19002,8170,18361,17833,18991,433,101,9064,100.00%,90.14%,96.63%,97.12%,99.94%,4.78%,1.11%,50.83%,100.00%,43.00%,96.63%,93.85%,99.94%,2.28%,0.53%,47.70%,3035.8,2715.2,2622.2,2656.7,2947.5,3240.8,3814.1,2772.0,109321.6,124703.3,103036.4,105108.1,107455.9,34834.1,174262.8,118392.8,4478.7,3438.1,3758.4,3839.9,4111.0,3305.0,61695.6,4213.3,47724.7,61341.8,47225.8,48067.5,47701.5,14500.4,41243.3,60358.2
A11 S_T5_R2_1(1),2020-05-28 14:58:43,30.0,548.67,241.77,556.86,524.33,548.20,13.83,3.70,270.27,16460,7253,16143,15730,16446,415,111,8108,100.00%,89.45%,98.07%,97.44%,99.91%,5.12%,1.37%,51.54%,100.00%,44.06%,98.07%,95.57%,99.91%,2.52%,0.67%,49.26%,2895.0,2649.0,2533.9,2559.9,2813.0,3153.4,3783.1,2707.5,106619.8,129698.0,102089.8,103932.4,103759.0,32292.5,178932.4,122657.1,5011.2,3566.8,3814.7,3888.8,4169.8,3165.7,61590.4,4459.9,49748.3,66341.3,49403.3,50018.8,49707.5,10048.6,39123.3,66295.5
A12 S_T6_R1_1(1),2020-05-28 15:00:05,30.0,601.77,239.93,592.63,557.87,601.13,12.70,4.80,270.33,18053,7198,17180,16736,18034,381,144,8110,100.00%,88.75%,95.16%,97.42%,99.89%,4.70%,1.78%,48.46%,100.00%,39.87%,95.16%,92.70%,99.89%,2.11%,0.80%,44.92%,2997.0,2563.0,2507.9,2536.7,2831.1,3106.6,4022.3,2638.4,88425.1,94936.4,82467.4,83808.9,86191.1,35001.5,183985.3,92723.3,4843.3,2784.8,3754.1,3827.1,4231.1,3303.7,65778.0,4090.7,42980.9,47782.0,42804.4,42925.9,42926.6,11765.2,47397.0,49090.7
B1 S_T1_R1_2(1),2020-05-28 15:01:28,30.0,137.33,57.43,135.19,124.17,137.33,6.43,0.20,69.37,4120,1723,3919,3725,4120,193,6,2081,100.00%,82.80%,95.12%,95.05%,100.00%,9.27%,0.29%,55.87%,100.00%,41.82%,95.12%,90.41%,100.00%,4.68%,0.15%,50.51%,4938.6,3265.7,3114.2,3115.6,4938.6,2906.4,4097.8,3204.8,122552.0,170094.0,112219.2,116251.8,122552.0,21024.5,178759.5,145141.7,4670.4,4551.7,3830.4,3963.9,4670.4,1894.5,85906.4,4337.7,27963.3,64040.9,27284.3,29613.8,27963.3,5957.1,45046.7,43582.7
B2 S_T1_R2_2(1),2020-05-28 15:02:49,30.0,145.07,61.80,140.57,129.73,144.90,6.50,0.00,73.47,4352,1854,4075,3892,4347,195,0,2204,100.00%,84.12%,93.64%,95.51%,99.89%,8.85%,0.00%,56.63%,100.00%,42.60%,93.64%,89.43%,99.89%,4.48%,0.00%,50.64%,5368.4,3548.2,3411.0,3487.7,4943.4,3070.3,####,3471.9,200546.7,248923.7,182926.3,190824.9,195975.9,20785.0,####,213188.3,7194.2,6403.8,5612.4,5849.4,6549.9,2135.7,####,5833.9,39946.6,203486.0,38401.6,45181.0,39856.3,6257.8,####,88938.5
B3 S_T2_R1_2(1),2020-05-28 15:04:11,30.0,331.91,155.74,329.81,310.11,331.71,10.73,1.43,175.44,9957,4672,9561,9303,9951,322,43,5263,100.00%,88.77%,96.02%,97.30%,99.94%,6.12%,0.82%,56.57%,100.00%,46.92%,96.02%,93.43%,99.94%,3.23%,0.43%,52.86%,4103.5,3094.2,2975.5,3009.0,3974.0,3607.6,3875.9,3135.9,153374.2,210050.1,151176.8,154632.4,151302.0,26074.8,148584.4,191128.6,5597.1,5397.6,4734.6,4842.6,5150.9,2672.9,56965.7,5561.9,78493.4,204073.5,78279.7,81048.3,78416.6,7434.4,33890.0,145484.4
B4 S_T2_R2_2(1),2020-05-28 15:05:32,30.0,285.58,133.42,285.42,267.87,285.48,9.73,1.13,149.89,8566,4002,8274,8035,8563,292,34,4496,100.00%,89.01%,96.59%,97.11%,99.96%,6.49%,0.76%,55.96%,100.00%,46.72%,96.59%,93.80%,99.96%,3.41%,0.40%,52.49%,3847.9,3035.2,3131.0,3169.9,3811.5,3317.1,4733.3,3070.9,141901.3,186720.3,135922.5,139227.3,140687.7,26137.0,180242.6,170621.1,5867.5,4877.7,4907.4,5030.1,5422.0,2456.8,72783.9,5175.6,62676.9,129419.0,62263.4,65943.4,62605.8,7949.8,30915.7,102843.8
B5 S_T3_R1_2(1),2020-05-28 15:06:54,30.0,335.21,152.94,332.19,312.78,335.05,6.23,1.43,168.01,10056,4588,9630,9383,10051,187,43,5040,100.00%,91.03%,95.76%,97.44%,99.95%,3.71%,0.85%,53.71%,100.00%,45.62%,95.76%,93.31%,99.95%,1.86%,0.43%,50.12%,3524.7,2793.1,2703.1,2728.5,3294.2,2949.3,3516.6,2819.5,122809.4,153757.0,118397.8,120904.0,121159.6,33730.9,167954.3,145076.6,4562.1,4105.7,4061.1,4148.5,4430.1,3175.4,52672.7,4566.2,56781.1,85662.6,56996.6,58713.8,56674.3,10261.7,37392.5,82496.2
B6 S_T3_R2_2(1),2020-05-28 15:08:15,30.2,442.85,203.60,450.08,421.52,442.55,10.34,2.32,225.83,13368,6146,13129,12724,13359,312,70,6817,100.00%,90.16%,98.21%,96.92%,99.93%,4.58%,1.03%,53.58%,100.00%,45.98%,98.21%,95.18%,99.93%,2.33%,0.52%,50.99%,3551.5,2883.2,2831.2,2872.0,3482.4,3174.7,4031.8,2919.2,129128.3,168665.8,124868.4,127967.9,126756.8,33303.2,163623.9,157587.4,5121.7,4424.1,4456.1,4570.1,4907.4,3234.8,61534.3,5049.0,64824.8,106093.6,64369.2,66264.2,64758.6,10489.4,49445.3,96397.8
B7 S_T4_R1_2(1),2020-05-28 15:09:36,30.0,422.90,187.77,421.95,397.13,422.53,8.13,2.77,206.87,12687,5633,12232,11914,12676,244,83,6206,100.00%,90.77%,96.41%,97.40%,99.91%,3.93%,1.34%,52.09%,100.00%,44.40%,96.41%,93.91%,99.91%,1.92%,0.65%,48.92%,3273.3,2665.9,2599.8,2606.6,3093.1,3002.5,4045.4,2712.8,114481.0,139666.3,108849.6,111024.4,113085.2,35233.1,181439.8,132940.0,4568.4,3803.6,4016.4,4024.7,4455.2,3301.2,54562.2,4522.7,52326.6,73388.8,51666.8,52530.7,52215.7,12263.6,51174.9,72674.7
B8 S_T4_R2_2(1),2020-05-28 15:10:57,30.0,487.38,207.11,489.49,457.85,487.05,7.93,3.60,229.51,14621,6213,14190,13735,14611,238,108,6885,100.00%,90.24%,97.05%,96.79%,99.93%,3.46%,1.57%,50.13%,100.00%,42.49%,97.05%,93.94%,99.93%,1.63%,0.74%,47.09%,3429.7,2783.7,2752.8,2791.1,3332.2,3272.0,3960.1,2830.4,102739.3,121837.8,97347.8,99574.0,100973.8,39715.4,170427.4,116634.7,4512.6,3349.7,3794.8,3882.6,4267.1,3724.9,59516.4,4329.5,46059.9,60770.3,45615.5,46196.9,46013.4,16531.3,41451.2,61104.8
B9 blank(1),2020-05-28 15:12:19,30.0,11.17,3.77,10.11,9.63,11.10,0.37,0.07,5.70,335,113,293,289,333,11,2,171,100.00%,66.08%,87.46%,98.63%,99.40%,6.43%,1.17%,59.17%,100.00%,33.73%,87.46%,86.27%,99.40%,3.28%,0.60%,51.04%,13872.5,2939.6,3297.4,3318.0,11448.8,2377.4,5391.3,2968.8,122761.2,139141.8,93867.7,94713.7,108831.4,20802.6,265952.5,109258.0,21553.1,4374.7,6215.0,6277.1,10716.2,2213.9,25872.4,5492.2,43482.4,80004.4,46008.3,46827.5,43482.4,5290.1,38663.0,51119.3
B10 S_T5_R1_2(1),2020-05-28 15:13:40,30.0,539.20,225.07,528.33,495.93,538.67,10.67,3.40,251.73,16176,6752,15316,14878,16160,320,102,7552,100.00%,89.41%,94.68%,97.14%,99.90%,4.24%,1.35%,50.76%,100.00%,41.74%,94.68%,91.98%,99.90%,1.98%,0.63%,46.69%,3230.2,2807.4,2709.5,2753.8,3096.3,3500.2,4246.0,2870.6,101990.1,116269.6,94634.2,96423.6,98653.3,39273.8,176550.9,111140.9,4780.6,3231.4,3626.2,3701.4,4055.2,3681.0,67978.1,4281.4,43998.7,56789.4,43794.7,44527.9,43919.8,19963.1,51500.9,56613.1
B11 S_T5_R2_2(1),2020-05-28 15:15:01,30.0,411.66,181.28,415.01,391.86,411.56,9.53,2.57,202.81,12349,5438,12031,11755,12346,286,77,6084,100.00%,89.38%,97.42%,97.71%,99.98%,4.70%,1.27%,51.76%,100.00%,44.04%,97.42%,95.19%,99.98%,2.32%,0.62%,49.27%,2828.5,2710.2,2548.5,2575.1,2809.7,3061.1,4028.9,2756.4,112874.3,140643.7,108639.0,110490.7,112422.9,35740.1,178533.8,132165.6,4405.2,3816.7,4025.2,4097.4,4383.3,3375.0,65244.4,4671.8,51151.6,68597.1,50558.3,51548.7,51149.3,12403.6,44185.9,68031.3
B12 S_T6_R1_2(1),2020-05-28 15:16:22,30.0,484.67,193.83,482.01,452.07,484.20,8.83,3.73,216.20,14540,5815,13973,13562,14526,265,112,6486,100.00%,89.65%,96.10%,97.06%,99.90%,4.09%,1.73%,47.82%,100.00%,39.99%,96.10%,93.27%,99.90%,1.82%,0.77%,44.61%,3096.1,2642.1,2545.9,2576.3,2903.1,3053.4,3801.0,2699.3,87679.6,98274.7,82321.9,83956.7,84703.4,35437.7,177948.6,95569.8,4715.5,2859.3,3706.3,3790.5,4006.1,3322.4,60251.6,4047.8,44172.3,51130.0,43798.1,44150.2,44113.1,12974.8,50138.9,52311.2
C1 S_T6_R2_1(1),2020-05-28 15:17:46,30.1,472.65,188.13,474.23,444.53,472.32,8.44,3.22,208.81,14220,5660,13787,13374,14210,254,97,6282,100.00%,90.10%,96.95%,97.00%,99.93%,4.04%,1.54%,46.97%,100.00%,39.80%,96.95%,94.05%,99.93%,1.79%,0.68%,44.18%,3424.8,2607.7,2600.7,2634.2,3293.6,3157.0,4060.1,2675.8,92663.1,100897.2,84397.9,86068.8,89581.9,35749.8,190602.5,99015.4,5152.2,2857.1,3889.8,3978.7,4645.3,3661.1,68322.9,4102.1,46087.4,52772.0,45736.6,45994.9,46042.0,15574.4,54731.7,53782.3
C2 S_T7_R1_1(1),2020-05-28 15:19:07,30.0,1207.81,718.63,1234.94,1183.53,1204.04,45.53,4.24,776.67,36211,21545,35800,35483,36098,1365,127,23285,100.00%,92.53%,98.86%,99.11%,99.69%,5.86%,0.55%,65.62%,100.00%,59.50%,98.86%,97.99%,99.69%,3.77%,0.35%,64.30%,3349.4,3037.0,2959.0,2974.5,3203.9,3242.0,4023.6,3064.0,235138.0,258885.3,225310.6,226885.0,231400.9,27019.5,193258.8,243008.2,6914.3,6357.5,6152.1,6194.6,6547.0,3085.0,62636.3,6486.2,126652.1,79775.9,125169.5,122773.4,126878.5,10444.9,48851.2,90943.6
C3 S_T7_R2_1(1),2020-05-28 15:20:28,30.0,1019.04,545.50,1003.51,957.84,1016.74,42.10,4.37,601.20,30571,16365,29091,28735,30502,1263,131,18036,100.00%,90.74%,95.16%,98.78%,99.77%,7.00%,0.73%,62.77%,100.00%,53.53%,95.16%,93.99%,99.77%,4.13%,0.43%,59.00%,3265.7,2872.9,2797.4,2815.0,3143.3,3334.9,4083.4,2931.1,198174.5,232352.5,189792.0,191670.2,195064.3,28722.7,176215.2,215339.3,6326.9,5716.1,5565.8,5620.6,5976.0,3168.6,60883.0,5974.2,174478.5,111466.9,173792.8,172501.7,174374.5,11461.4,36087.2,137050.9
C4 S_T8_R1_1(1),2020-05-28 15:21:49,30.0,1671.98,1015.08,1652.64,1586.51,1656.38,41.60,4.37,1069.48,50159,30452,47909,47595,49691,1248,131,32084,100.00%,94.91%,95.51%,99.34%,99.07%,3.89%,0.41%,67.41%,100.00%,60.71%,95.51%,94.89%,99.07%,2.49%,0.26%,63.96%,3340.8,2947.3,2873.1,2884.2,3154.3,3286.6,3934.7,2968.8,235963.4,251992.1,225478.4,226610.8,229968.6,27145.3,186074.6,241513.0,6815.6,6163.0,6021.2,6051.0,6407.6,3121.1,59329.1,6271.0,95664.8,72920.1,94737.5,93631.5,95679.3,9951.7,44016.0,78723.9
C5 S_T8_R2_1(1),2020-05-28 15:23:11,30.0,1752.04,1084.56,1734.23,1664.44,1741.78,46.63,4.77,1146.86,52560,32536,50274,49932,52252,1399,143,34405,100.00%,94.57%,95.65%,99.32%,99.41%,4.07%,0.42%,68.90%,100.00%,61.90%,95.65%,95.00%,99.41%,2.66%,0.27%,65.46%,3353.0,2996.4,2914.9,2926.6,3228.7,3227.9,3969.7,3015.3,236559.0,250809.0,225772.0,226919.6,232225.7,27603.3,181893.1,239678.3,6841.6,6177.1,6052.1,6082.7,6456.0,3192.7,53481.3,6258.8,92516.5,70063.3,91449.5,90449.8,92617.6,10489.8,40573.9,76296.1
C6 blank(1),2020-05-28 15:24:32,30.1,22.27,10.97,21.53,20.67,22.24,0.66,0.23,13.13,670,330,626,622,669,20,7,395,100.00%,83.54%,93.43%,99.36%,99.85%,5.06%,1.77%,63.50%,100.00%,49.25%,93.43%,92.84%,99.85%,2.99%,1.04%,58.96%,6007.8,2836.1,2826.7,2836.4,5430.6,2621.8,4482.1,2903.7,178362.2,235686.4,185372.9,186492.6,178573.3,46000.9,179933.5,212144.6,8227.7,6804.3,7056.3,7097.7,8158.3,5098.5,26602.2,7439.1,161696.0,84476.6,154194.0,149837.3,161613.5,39360.8,25977.4,116235.0
C7 blank(1),2020-05-28 15:25:53,30.0,7.53,3.20,6.97,6.70,7.50,0.30,0.07,4.53,226,96,202,201,225,9,2,136,100.00%,70.59%,89.38%,99.50%,99.56%,6.62%,1.47%,67.66%,100.00%,42.48%,89.38%,88.94%,99.56%,3.98%,0.88%,60.18%,9406.1,2832.1,3191.6,3199.9,9424.6,2553.2,4195.7,2968.4,158957.4,195532.1,152761.3,153468.9,156750.6,30896.6,172099.9,161584.0,17534.7,6355.5,8722.0,8763.0,17471.5,4345.1,41528.4,8035.8,122366.3,137939.2,133163.6,132497.6,122100.3,20857.4,18977.5,171763.4
C8 blank(1),2020-05-28 15:27:15,30.0,6.20,1.70,4.86,4.70,6.20,0.10,0.03,2.90,186,51,141,141,186,3,1,87,100.00%,58.62%,75.81%,100.00%,100.00%,3.45%,1.15%,61.70%,100.00%,27.42%,75.81%,75.81%,100.00%,1.61%,0.54%,46.77%,22140.4,2712.5,4506.3,4506.3,22140.4,2588.4,4022.7,3029.2,110245.8,185311.8,113327.7,113327.7,110245.8,29873.3,295812.2,132264.7,25981.3,6180.6,12079.8,12079.8,25981.3,3985.5,25000.0,8401.9,49415.1,172512.1,55581.8,55581.8,49415.1,10768.6,0.0,91828.4
C9 blank(1),2020-05-28 15:28:36,30.0,5.13,1.53,4.52,4.33,5.13,0.13,0.13,2.97,154,46,131,130,154,4,4,89,100.00%,51.69%,85.06%,99.24%,100.00%,4.49%,4.49%,68.46%,100.00%,29.87%,85.06%,84.42%,100.00%,2.60%,2.60%,57.79%,14198.4,2921.4,4183.0,4200.3,14198.4,2681.3,4114.6,3112.8,141176.8,162991.9,132976.8,133920.5,141176.8,79161.5,173107.0,129358.6,17272.3,5529.1,10232.6,10305.1,17272.3,6360.5,17133.4,8202.3,107819.0,127429.3,112249.0,112664.9,107819.0,11935.0,23077.5,110566.7
C10 S_T11_R1_1(1),2020-05-28 15:29:58,30.0,2478.90,1491.03,2464.11,2364.23,2456.10,150.33,4.93,1663.10,74367,44731,71433,70927,73683,4510,148,49893,100.00%,89.65%,96.05%,99.29%,99.08%,9.04%,0.30%,70.34%,100.00%,60.15%,96.05%,95.37%,99.08%,6.06%,0.20%,67.09%,3299.5,3073.6,2906.9,2920.7,3140.4,2786.5,4051.0,3055.1,260250.6,288267.7,248050.1,249325.4,254254.3,26246.8,202264.7,262167.0,7930.9,7564.7,6969.3,7003.4,7466.4,2769.4,59054.4,7271.9,107563.8,79320.4,106595.4,105376.7,107832.0,8979.7,42354.5,91557.1
C11 S_T11_R2_1(1),2020-05-28 15:31:19,30.0,3179.23,2106.67,3196.59,3073.23,3136.50,72.07,3.43,2198.50,95377,63200,92667,92197,94095,2162,103,65955,100.00%,95.82%,97.16%,99.49%,98.66%,3.28%,0.16%,71.54%,100.00%,66.26%,97.16%,96.67%,98.66%,2.27%,0.11%,69.15%,3444.1,3185.4,3129.3,3140.9,3318.0,3035.4,4350.1,3186.9,277736.8,284364.9,268612.9,269480.9,273297.2,30084.1,193748.7,274335.2,7722.6,7138.4,7049.8,7072.3,7366.0,3425.0,59662.8,7104.8,67482.9,57048.7,67059.5,66702.8,67453.1,11847.8,48799.9,60033.3
C12 S_T0_1(1),2020-05-28 15:32:40,30.0,450.23,158.90,439.54,410.27,449.40,23.07,3.40,197.73,13507,4767,12742,12308,13482,692,102,5932,100.00%,80.36%,94.34%,96.59%,99.81%,11.67%,1.72%,48.20%,100.00%,35.29%,94.34%,91.12%,99.81%,5.12%,0.76%,43.92%,3859.7,2628.0,2839.6,2888.0,3549.6,3901.3,3974.0,2897.8,81694.5,85954.2,70790.8,72297.8,77682.0,31299.2,171588.0,79919.0,6149.4,2609.5,3612.6,3708.1,4803.7,3352.3,60671.7,3904.5,40655.9,48823.8,39630.9,40557.0,40497.1,10521.8,34368.1,47259.4
D1 S_T6_R2_2(1),2020-05-28 15:34:03,30.0,437.27,172.63,434.13,408.40,437.07,15.50,3.57,199.83,13118,5179,12585,12252,13112,465,107,5995,100.00%,86.39%,95.94%,97.35%,99.95%,7.76%,1.78%,48.93%,100.00%,39.48%,95.94%,93.40%,99.95%,3.54%,0.82%,45.70%,3352.1,2464.1,2385.5,2413.5,3074.1,3083.8,3754.1,2562.5,89285.6,97644.7,81156.5,82532.6,87778.1,33892.3,176654.0,92903.0,5367.5,2759.0,3465.1,3532.9,4509.3,3992.1,59256.8,4029.3,43686.1,50376.5,43112.7,43297.0,43674.3,14666.2,44366.1,50672.6
D2 S_T7_R1_2(1),2020-05-28 15:35:25,30.0,1146.20,694.85,1167.71,1118.97,1141.87,36.93,3.90,743.56,34385,20845,33851,33568,34255,1108,117,22306,100.00%,93.45%,98.45%,99.16%,99.62%,4.97%,0.52%,66.45%,100.00%,60.62%,98.45%,97.62%,99.62%,3.22%,0.34%,64.87%,3238.7,2936.2,2885.9,2900.4,3128.3,3115.7,4212.9,2961.4,232648.1,252755.8,221743.1,223192.2,227864.8,27915.9,196418.6,239477.1,6909.6,6223.6,6173.7,6213.7,6637.0,3220.1,60456.7,6377.8,124837.4,81514.8,123488.0,120959.7,125108.3,11433.0,53525.0,90615.6
D3 S_T7_R2_2(1),2020-05-28 15:36:46,30.0,921.13,422.60,914.72,860.00,919.07,30.27,3.83,464.80,27634,12678,26517,25800,27572,908,115,13944,100.00%,90.92%,95.96%,97.30%,99.78%,6.51%,0.82%,54.05%,100.00%,45.88%,95.96%,93.36%,99.78%,3.29%,0.42%,50.46%,3433.6,3017.3,2957.4,3017.7,3277.3,3375.8,4175.4,3066.8,209326.4,244487.4,200264.0,203783.0,205633.1,30794.8,199830.7,227171.6,6624.2,6024.7,5920.9,6030.4,6337.8,3232.5,69201.8,6419.8,180119.4,115867.8,179077.5,177280.0,179961.4,12763.3,49073.6,142090.6
D4 S_T8_R1_2(1),2020-05-28 15:38:07,30.0,1446.55,884.01,1423.08,1365.82,1439.48,37.10,3.43,931.58,43396,26520,41254,40974,43184,1113,103,27947,100.00%,94.89%,95.06%,99.32%,99.51%,3.98%,0.37%,68.21%,100.00%,61.11%,95.06%,94.42%,99.51%,2.56%,0.24%,64.40%,3192.5,2892.3,2824.9,2836.3,3090.0,3197.8,4029.8,2915.0,237081.9,254410.1,227152.3,228385.4,233093.1,26463.7,201108.6,243719.5,6821.5,6212.4,6131.6,6164.3,6500.4,2986.9,65477.8,6308.2,94908.4,71051.9,94134.1,92948.9,95065.7,10011.4,49413.9,76917.9
D5 S_T8_R2_2(1),2020-05-28 15:39:28,30.0,1685.99,1047.21,1694.07,1623.89,1677.39,45.93,4.63,1107.85,50579,31416,49110,48716,50321,1378,139,33235,100.00%,94.53%,97.10%,99.20%,99.49%,4.15%,0.42%,68.22%,100.00%,62.11%,97.10%,96.32%,99.49%,2.72%,0.27%,65.71%,3325.5,2935.8,2824.0,2837.5,3157.4,3210.0,3865.7,2960.3,227619.0,243119.8,217432.9,218710.8,223563.5,26632.6,174460.8,232348.2,6615.3,5953.8,5788.1,5821.9,6191.5,2907.1,53591.4,6037.7,87762.9,66006.2,86682.7,85571.5,87924.5,9741.0,38978.6,71732.3
D6 blank(1),2020-05-28 15:40:50,30.0,21.34,11.37,20.08,19.28,21.31,0.57,0.20,13.41,640,341,582,578,639,17,6,402,100.00%,84.83%,90.94%,99.31%,99.84%,4.23%,1.49%,69.55%,100.00%,53.28%,90.94%,90.31%,99.84%,2.66%,0.94%,62.81%,5381.1,2812.1,3028.2,3040.6,5340.1,2474.8,4454.7,2855.5,190275.6,228507.5,189892.6,191019.2,190438.8,32760.8,188092.7,208055.2,9476.1,6416.8,7188.5,7231.1,9459.3,4529.5,31179.3,7159.8,147778.8,91115.8,142925.3,139448.9,147206.5,25270.8,29035.2,112083.8
D7 blank(1),2020-05-28 15:42:11,30.0,7.67,2.90,6.80,6.50,7.67,0.30,0.10,4.00,230,87,197,195,230,9,3,120,100.00%,72.50%,85.65%,98.98%,100.00%,7.50%,2.50%,61.54%,100.00%,37.83%,85.65%,84.78%,100.00%,3.91%,1.30%,52.17%,14809.0,2879.5,3518.7,3536.1,14809.0,2483.5,3450.2,2861.1,139620.9,168632.5,137816.8,138950.1,139620.9,24777.0,184418.2,145475.1,14774.7,5374.9,8005.6,8077.3,14774.7,2670.7,28767.1,6612.0,86836.6,148426.5,113099.5,113670.3,86836.6,9597.9,1512.1,141726.9
D8 blank(1),2020-05-28 15:43:33,30.1,5.48,1.33,4.51,4.32,5.48,0.10,0.07,2.79,165,40,131,130,165,3,2,84,100.00%,47.62%,79.39%,99.24%,100.00%,3.57%,2.38%,64.62%,100.00%,24.24%,79.39%,78.79%,100.00%,1.82%,1.21%,50.91%,15506.7,2799.0,4088.7,4110.4,15506.7,2125.4,5008.6,3223.3,101015.8,178952.1,107194.1,107873.7,101015.8,37376.8,196146.5,121194.1,15461.5,6195.7,10007.2,10077.2,15461.5,3642.5,19180.4,9203.1,53685.7,150333.0,58112.7,58891.0,53685.7,15142.2,1712.5,95798.6
D9 blank(1),2020-05-28 15:44:54,30.0,4.93,1.37,4.07,3.93,4.93,0.40,0.07,2.57,148,41,118,118,148,12,2,77,100.00%,53.25%,79.73%,100.00%,100.00%,15.58%,2.60%,65.25%,100.00%,27.70%,79.73%,79.73%,100.00%,8.11%,1.35%,52.03%,26645.9,2931.3,3982.3,3982.3,26645.9,2918.4,5141.9,3119.7,105540.6,176625.0,115050.1,115050.1,105540.6,49666.8,141760.2,128657.2,19217.7,5524.1,9651.3,9651.3,19217.7,5825.7,20533.6,7742.8,42733.9,158697.8,49770.7,49770.7,42733.9,36485.6,2217.4,98278.6
D10 S_T11_R1_2(1),2020-05-28 15:46:16,30.0,2321.00,1384.40,2304.47,2212.44,2303.47,134.87,4.07,1539.34,69630,41532,66805,66373,69104,4046,122,46180,100.00%,89.94%,95.94%,99.35%,99.24%,8.76%,0.26%,69.58%,100.00%,59.65%,95.94%,95.32%,99.24%,5.81%,0.18%,66.32%,3262.9,3064.8,2881.3,2893.7,3109.1,2767.1,4357.3,3046.2,253835.8,283330.4,244145.8,245317.3,248797.9,24955.9,208887.2,258219.3,7462.4,7198.1,6635.6,6666.2,7004.0,2558.6,64909.3,6925.3,104892.3,77876.6,104036.3,102753.7,105112.6,8001.9,59247.9,89446.2
D11 S_T11_R2_2(1),2020-05-28 15:47:37,30.1,3035.12,2041.36,3100.37,2983.67,2994.34,63.02,3.66,2119.77,91314,61416,90135,89766,90087,1896,110,63775,100.00%,96.30%,98.71%,99.59%,98.66%,2.97%,0.17%,71.05%,100.00%,67.26%,98.71%,98.30%,98.66%,2.08%,0.12%,69.84%,3527.3,3238.2,3202.9,3211.9,3387.6,3082.9,4246.6,3239.4,293304.0,295053.8,282938.8,283721.1,288263.4,30343.7,186350.9,285769.6,8155.8,7430.2,7417.1,7437.3,7801.8,3514.8,53268.0,7393.5,69161.4,57304.6,68366.8,68106.7,69038.8,12909.4,46702.7,60010.4
D12 S_T0_2(1),2020-05-28 15:48:59,30.0,454.33,168.37,449.34,422.37,453.73,21.67,4.00,207.33,13630,5051,13026,12671,13612,650,120,6220,100.00%,81.21%,95.57%,97.27%,99.87%,10.45%,1.93%,49.09%,100.00%,37.06%,95.57%,92.96%,99.87%,4.77%,0.88%,45.63%,3830.5,2636.7,2802.5,2836.6,3683.0,3991.9,3827.3,2855.2,86180.7,92435.5,76456.7,77747.2,82869.1,29322.1,180063.8,85819.7,5542.3,2790.2,3869.4,3949.4,5036.4,3346.1,59766.3,4157.7,42568.4,50865.2,41410.2,42277.8,42426.7,10603.2,39498.9,48907.4
E1 blank(1),2020-05-28 15:50:22,30.0,13.03,5.90,12.11,11.67,13.00,0.33,0.13,7.67,391,177,351,350,390,10,4,230,100.00%,76.96%,89.77%,99.72%,99.74%,4.35%,1.74%,65.71%,100.00%,45.27%,89.77%,89.51%,99.74%,2.56%,1.02%,58.82%,7624.6,2843.9,3189.5,3193.3,7058.2,2800.3,5975.6,3014.5,159885.5,205287.3,151853.1,152255.3,154015.6,32310.9,211196.0,174054.0,8628.3,6226.9,6598.4,6615.9,8480.4,4638.4,32624.7,7280.0,120806.0,157610.2,130664.6,130366.7,119721.7,6147.0,38616.0,168270.7
E2 blank(1),2020-05-28 15:51:43,30.2,7.15,2.78,6.31,6.09,7.15,0.26,0.03,4.27,216,84,184,184,216,8,1,129,100.00%,65.12%,85.19%,100.00%,100.00%,6.20%,0.78%,70.11%,100.00%,38.89%,85.19%,85.19%,100.00%,3.70%,0.46%,59.72%,11847.9,2842.3,3512.3,3512.3,11847.9,3837.7,4213.1,3064.9,141733.8,223321.4,154988.9,154988.9,141733.8,29848.0,181419.7,168632.8,17077.5,7302.6,8976.0,8976.0,17077.5,5277.0,21179.4,8847.8,104457.9,124489.7,146614.3,146614.3,104457.9,10565.3,0.0,190438.2
E3 L_T2_R1_1(1),2020-05-28 15:53:05,30.0,171.87,77.44,167.54,156.87,171.74,3.07,0.97,85.37,5156,2323,4857,4706,5152,92,29,2561,100.00%,90.71%,94.20%,96.89%,99.92%,3.59%,1.13%,54.42%,100.00%,45.05%,94.20%,91.27%,99.92%,1.78%,0.56%,49.67%,4149.1,2906.6,2964.8,3007.6,4057.7,3081.6,3794.3,2927.2,129702.5,165817.9,123434.4,126607.8,129342.3,27706.6,172232.5,155399.9,5677.0,4419.6,4392.7,4507.1,5659.6,2653.6,69568.2,5056.0,56060.4,83893.2,55374.4,56436.5,56004.0,6838.9,44001.9,81889.2
E4 L_T2_R2_1(1),2020-05-28 15:54:27,30.0,120.27,50.57,121.08,112.33,120.20,1.50,0.80,55.07,3608,1517,3510,3370,3606,45,24,1652,100.00%,91.83%,97.28%,96.01%,99.94%,2.72%,1.45%,49.02%,100.00%,42.05%,97.28%,93.40%,99.94%,1.25%,0.67%,45.79%,4896.7,3184.0,3114.0,3168.0,4618.6,3098.8,3637.1,3179.2,98750.4,103347.5,87912.2,90598.6,98138.1,21903.5,181898.2,99280.9,5254.3,3005.6,3716.6,3839.8,5004.3,2519.6,67697.7,3957.2,41921.8,55305.4,40216.9,41858.8,41921.8,6112.9,54688.1,54607.9
E5 L_T3_R1_1(1),2020-05-28 15:55:48,30.0,241.98,101.82,238.05,224.07,241.91,5.37,1.60,113.65,7258,3054,6901,6721,7256,161,48,3409,100.00%,89.59%,95.08%,97.39%,99.97%,4.72%,1.41%,50.72%,100.00%,42.08%,95.08%,92.60%,99.97%,2.22%,0.66%,46.97%,3582.5,2739.4,2751.3,2781.9,3558.3,2883.4,4069.9,2777.8,108022.3,132916.5,102127.3,104215.9,106686.4,35238.9,176703.2,126876.3,5133.8,3552.5,4249.6,4342.3,5016.2,3609.8,65946.0,4531.8,46453.3,63786.5,45962.4,46627.0,46451.2,10466.4,34761.3,63510.9
E6 L_T3_R2_1(1),2020-05-28 15:57:09,30.0,173.13,67.15,170.79,159.83,173.10,2.37,1.70,75.18,5193,2014,4951,4794,5192,71,51,2255,100.00%,89.31%,95.34%,96.83%,99.98%,3.15%,2.26%,47.04%,100.00%,38.78%,95.34%,92.32%,99.98%,1.37%,0.98%,43.42%,3689.9,2731.9,2696.2,2731.1,3591.4,3187.0,4016.5,2782.1,83893.9,95144.6,76353.3,78060.3,83905.0,34402.2,186467.7,93001.6,4423.6,2731.1,3691.1,3786.4,4417.3,3428.2,75827.7,4626.1,37884.4,46797.7,37072.4,37879.3,37892.3,11857.1,35324.1,48010.9
E7 L_T4_R1_1(1),2020-05-28 15:58:31,30.0,289.67,119.10,290.35,273.00,289.53,4.70,2.60,132.43,8690,3573,8417,8190,8686,141,78,3973,100.00%,89.93%,96.86%,97.30%,99.95%,3.55%,1.96%,48.51%,100.00%,41.12%,96.86%,94.25%,99.95%,1.62%,0.90%,45.72%,3638.0,2633.1,2513.4,2540.4,3198.5,2992.0,3698.1,2678.9,89049.6,102583.4,81575.7,83090.4,86975.8,43610.0,164759.0,99484.9,4803.8,2915.0,3476.3,3548.3,4212.6,4177.6,61582.6,4251.2,41186.3,50272.7,40455.3,40781.3,41127.3,26010.3,34678.1,51556.4
E8 L_T4_R2_1(1),2020-05-28 15:59:53,30.0,253.74,101.87,247.37,232.44,253.50,4.87,1.90,113.57,7612,3056,7171,6973,7605,146,57,3407,100.00%,89.70%,94.21%,97.24%,99.91%,4.29%,1.67%,48.86%,100.00%,40.15%,94.21%,91.61%,99.91%,1.92%,0.75%,44.76%,3435.7,2529.6,2452.9,2472.7,3297.0,3171.6,3555.2,2590.4,85540.8,93619.3,78994.8,80478.0,83082.3,33431.0,167664.9,90955.2,4984.0,2711.8,3485.7,3559.4,4282.9,3511.2,66079.8,3981.4,41375.9,49796.1,40843.4,41165.4,41337.4,10491.0,42813.3,50080.6
E9 blank(1),2020-05-28 16:01:14,30.0,8.00,2.53,7.28,6.97,8.00,0.27,0.03,4.00,240,76,211,209,240,8,1,120,100.00%,63.33%,87.92%,99.05%,100.00%,6.67%,0.83%,57.42%,100.00%,31.67%,87.92%,87.08%,100.00%,3.33%,0.42%,50.00%,20415.4,2917.0,3336.8,3353.6,20415.4,2770.5,6322.4,3085.3,104497.5,151694.5,95502.8,96303.7,104497.5,29158.8,194929.8,109334.9,14841.4,4103.5,5495.8,5543.8,14841.4,4174.3,24010.2,5704.0,46053.4,139448.8,45077.6,44882.9,46053.4,6997.2,0.0,41563.9
E10 L_T5_R1_1(1),2020-05-28 16:02:35,30.0,361.78,153.80,355.61,332.27,361.44,5.40,1.70,166.74,10853,4614,10309,9968,10843,162,51,5002,100.00%,92.24%,94.99%,96.69%,99.91%,3.24%,1.02%,50.18%,100.00%,42.51%,94.99%,91.85%,99.91%,1.49%,0.47%,46.09%,3237.6,2556.4,2401.0,2435.2,2901.9,2935.0,3638.3,2590.1,105034.1,126797.5,100342.2,102682.0,103025.1,36186.8,163339.0,122191.4,4235.0,3416.0,3397.7,3479.4,3972.8,3599.0,45952.1,3950.4,53447.6,72397.9,52875.9,54509.7,53357.6,15141.3,31177.3,71635.3
E11 L_T5_R2_1(1),2020-05-28 16:03:57,30.0,320.11,132.77,319.70,300.28,319.74,4.57,1.67,144.94,9603,3983,9268,9008,9592,137,50,4348,100.00%,91.61%,96.51%,97.19%,99.89%,3.15%,1.15%,48.27%,100.00%,41.48%,96.51%,93.80%,99.89%,1.43%,0.52%,45.28%,3195.7,2628.2,2562.5,2592.9,3009.2,3096.8,3634.1,2677.6,100989.6,112504.5,93375.6,95258.8,97885.4,40613.0,173417.0,109202.1,5000.6,3175.6,4117.6,4211.7,4614.8,3786.7,57209.9,4069.8,46699.4,59367.5,46404.0,46881.4,46639.3,20962.8,39395.4,59229.9
E12 L_T6_R1_1(1),2020-05-28 16:05:18,30.0,376.28,151.40,382.28,358.04,375.88,6.03,2.63,166.47,11286,4541,11082,10739,11274,181,79,4993,100.00%,90.95%,98.19%,96.90%,99.89%,3.63%,1.58%,46.49%,100.00%,40.24%,98.19%,95.15%,99.89%,1.60%,0.70%,44.24%,2942.9,2502.5,2360.6,2393.5,2811.2,3008.7,3735.3,2549.7,78224.0,80433.4,72368.8,73661.4,75057.4,39558.3,174606.5,79783.7,3989.0,2389.9,3273.5,3344.8,3653.6,3886.2,60031.9,3466.6,40997.0,44956.6,40766.7,40896.9,40977.6,16479.4,44400.6,46335.4
F1 blank(1),2020-05-28 16:06:41,30.0,12.07,3.30,10.28,9.70,12.00,0.40,0.03,4.87,362,99,298,291,360,12,1,146,100.00%,67.81%,82.32%,97.65%,99.45%,8.22%,0.68%,50.17%,100.00%,27.35%,82.32%,80.39%,99.45%,3.31%,0.28%,40.33%,24999.8,2914.8,3469.6,3496.4,12287.0,2489.2,1695.2,3031.3,102429.6,148399.3,105341.3,107391.4,100533.9,19720.5,215080.4,116652.1,11202.9,4233.1,5881.5,6006.5,9001.7,2428.4,53761.6,5754.4,46434.8,119091.6,52650.9,52472.0,45974.5,7459.1,0.0,61936.4
F2 blank(1),2020-05-28 16:08:03,30.0,6.83,1.80,6.04,5.77,6.77,0.40,0.13,3.20,205,54,175,173,203,12,4,96,100.00%,56.25%,85.37%,98.86%,99.02%,12.50%,4.17%,55.49%,100.00%,26.34%,85.37%,84.39%,99.02%,5.85%,1.95%,46.83%,9307.2,3276.2,4157.9,4189.0,9375.5,3567.0,4647.3,3495.2,79753.5,129706.3,85491.9,86317.1,79394.6,43585.7,148701.2,100359.0,11866.5,4128.4,7969.6,8055.6,11958.8,4790.9,17253.1,6645.8,29380.2,114379.8,32437.4,32922.9,29380.2,24011.7,25840.1,56641.0
F3 L_T2_R1_1(1),2020-05-28 16:09:25,30.0,162.10,71.81,158.99,148.80,162.06,3.90,0.87,80.82,4862,2154,4609,4463,4861,117,26,2424,100.00%,88.86%,94.80%,96.83%,99.98%,4.83%,1.07%,54.31%,100.00%,44.30%,94.80%,91.79%,99.98%,2.41%,0.53%,49.86%,3803.5,2927.6,2989.7,3036.4,3684.8,3235.2,3900.1,2972.0,125236.3,157671.9,119631.3,122691.0,125250.5,29480.0,194145.9,145849.9,5404.0,4153.7,4705.5,4832.1,5390.7,2772.3,69523.8,4821.4,51202.9,81843.3,50978.3,52989.6,51177.3,8160.8,49239.7,77606.6
01-Well-F4(1),2020-05-28 16:10:46,30.0,132.85,51.14,130.01,121.55,132.71,2.27,0.93,57.94,3985,1534,3769,3646,3981,68,28,1738,100.00%,88.26%,94.58%,96.74%,99.90%,3.91%,1.61%,47.67%,100.00%,38.49%,94.58%,91.49%,99.90%,1.71%,0.70%,43.61%,4222.2,3081.7,3085.3,3132.8,3959.1,3127.7,3597.0,3084.5,80230.8,87945.4,71423.4,72884.1,78001.0,21289.7,164866.9,82944.1,5422.3,2545.2,3562.3,3653.6,4517.6,2332.2,64994.8,3646.7,31341.0,42745.1,30802.9,31390.0,31283.5,5895.3,23125.8,40963.2
01-Well-F5(1),2020-05-28 16:12:08,30.0,252.07,105.90,252.33,237.00,251.90,5.63,1.83,119.23,7562,3177,7315,7110,7557,169,55,3577,100.00%,88.82%,96.73%,97.20%,99.93%,4.72%,1.54%,50.31%,100.00%,42.01%,96.73%,94.02%,99.93%,2.23%,0.73%,47.30%,3657.7,2785.9,2775.9,2816.1,3445.3,3240.6,3961.2,2824.8,101644.6,128703.1,96405.9,98453.7,100171.5,34957.4,165387.4,121041.7,5716.8,3438.4,4692.9,4805.3,5389.5,3363.3,72617.0,4607.5,44152.5,59910.2,43390.8,44217.4,44100.8,15217.3,30676.8,58654.0
01-Well-F6(1),2020-05-28 16:13:29,30.0,172.87,70.80,173.79,162.40,172.67,2.83,1.53,78.57,5186,2124,5038,4872,5180,85,46,2357,100.00%,90.11%,97.15%,96.71%,99.88%,3.61%,1.95%,48.38%,100.00%,40.96%,97.15%,93.95%,99.88%,1.64%,0.89%,45.45%,3114.8,2769.9,2728.7,2762.0,3011.4,2915.2,3629.4,2794.3,81688.3,91636.0,74664.7,76424.9,76719.5,31045.9,163545.1,88660.0,4256.8,2621.5,3655.2,3754.3,3946.4,3047.8,69539.5,4012.2,36882.1,46801.8,36457.2,37473.3,36788.5,8588.0,26473.2,47777.4
01-Well-F7(1),2020-05-28 16:14:51,30.0,260.30,104.10,261.72,244.23,260.13,4.97,1.93,116.33,7809,3123,7587,7327,7804,149,58,3490,100.00%,89.48%,97.16%,96.57%,99.94%,4.27%,1.66%,47.63%,100.00%,39.99%,97.16%,93.83%,99.94%,1.91%,0.74%,44.69%,3592.4,2580.1,2585.8,2623.7,3243.3,3022.8,3716.6,2639.1,85948.6,97411.0,79797.1,81631.2,83199.6,38971.7,162040.8,94001.2,5940.0,2743.0,3837.7,3941.0,4636.0,3784.2,63905.6,3969.3,41443.4,48629.1,41206.3,41703.9,41441.3,13028.9,34984.5,49642.6
01-Well-F8(1),2020-05-28 16:16:12,30.0,261.58,103.57,255.89,240.05,261.45,5.23,1.70,115.87,7847,3107,7418,7201,7843,157,51,3476,100.00%,89.38%,94.53%,97.07%,99.95%,4.52%,1.47%,48.27%,100.00%,39.59%,94.53%,91.77%,99.95%,2.00%,0.65%,44.30%,3041.6,2553.8,2445.9,2478.4,2918.7,3077.4,3918.4,2625.0,79147.3,89944.4,75749.1,77074.6,79158.7,36917.2,175346.2,87195.5,4359.6,2605.7,3636.9,3716.4,4341.0,3685.6,73777.6,3859.2,40280.5,46241.8,39990.1,40349.7,40280.8,13965.2,56512.4,46819.6
01-Well-F9(1),2020-05-28 16:17:33,30.0,6.47,1.93,6.07,5.83,6.47,0.20,0.07,2.67,194,58,176,175,194,6,2,80,100.00%,72.50%,90.72%,99.43%,100.00%,7.50%,2.50%,45.71%,100.00%,29.90%,90.72%,90.21%,100.00%,3.09%,1.03%,41.24%,7898.5,2696.2,4275.0,4293.0,7898.5,2480.2,7684.5,2907.7,90581.5,125054.0,92663.4,93124.3,90581.5,42031.4,216182.8,127070.5,13442.9,3549.5,7811.3,7853.4,13442.9,4881.4,50135.7,6345.7,43688.4,88207.0,44995.6,45156.0,43688.4,11835.7,44489.9,102979.2
01-Well-F10(1),2020-05-28 16:18:55,30.0,362.80,152.53,355.51,334.13,362.27,5.73,2.00,166.93,10884,4576,10306,10024,10868,172,60,5008,100.00%,91.37%,94.69%,97.26%,99.85%,3.43%,1.20%,49.96%,100.00%,42.04%,94.69%,92.10%,99.85%,1.58%,0.55%,46.01%,3943.1,2573.1,2475.0,2502.1,3097.3,3010.9,3566.0,2607.9,103610.1,118056.1,97311.3,99146.7,99832.8,38858.8,158500.8,113358.8,5114.6,3180.1,3582.5,3652.5,4227.0,3730.8,46002.4,3833.9,52354.1,67937.1,51841.0,52775.5,52252.8,17581.9,39280.2,66644.6
01-Well-F11(1),2020-05-28 16:20:16,30.0,280.23,114.50,275.55,258.77,280.00,3.90,2.07,125.27,8407,3435,7988,7763,8400,117,62,3758,100.00%,91.41%,95.02%,97.18%,99.92%,3.11%,1.65%,48.41%,100.00%,40.86%,95.02%,92.34%,99.92%,1.39%,0.74%,44.70%,2717.4,2512.7,2417.5,2445.2,2677.3,2966.1,3551.0,2558.7,91620.3,105678.1,88215.3,89993.6,89075.4,36965.9,172163.0,103427.8,4280.9,2969.2,3713.8,3795.7,4065.1,3590.4,62462.0,4188.5,45097.0,56850.8,44970.3,45448.1,44942.3,13189.1,40820.1,58250.8
01-Well-F12(1),2020-05-28 16:21:37,30.0,332.40,132.40,338.85,317.37,332.17,6.23,2.87,148.10,9972,3972,9823,9521,9965,187,86,4443,100.00%,89.40%,98.51%,96.93%,99.93%,4.21%,1.94%,46.67%,100.00%,39.83%,98.51%,95.48%,99.93%,1.88%,0.86%,44.55%,2806.3,2514.9,2425.4,2454.8,2757.4,3091.7,3670.8,2580.1,76532.7,83538.0,73243.2,74693.6,74940.3,37909.3,169216.3,82276.0,4217.3,2476.3,3669.8,3756.8,3997.9,3698.5,61186.3,3892.7,42114.7,47250.2,41970.9,42176.6,42105.8,16920.9,37801.4,49046.2
01-Well-G1(1),2020-05-28 16:23:01,30.0,443.98,172.70,439.16,409.08,443.64,7.37,2.90,190.64,13319,5181,12731,12272,13309,221,87,5719,100.00%,90.59%,95.59%,96.39%,99.92%,3.86%,1.52%,46.60%,100.00%,38.90%,95.59%,92.14%,99.92%,1.66%,0.65%,42.94%,2876.9,2524.7,2403.8,2443.4,2744.0,3160.1,3911.2,2589.5,73012.4,77581.5,68455.5,69898.3,70554.0,34276.8,167482.6,76841.3,4585.2,2309.6,3329.5,3418.1,3859.4,3380.0,70619.6,3580.8,38489.9,41363.6,38294.1,38508.1,38456.1,13511.7,34264.4,42531.5
01-Well-G2(1),2020-05-28 16:24:23,30.0,556.98,253.04,567.00,533.08,556.38,21.00,3.33,284.31,16709,7591,16437,15992,16691,630,100,8529,100.00%,89.00%,98.37%,97.29%,99.89%,7.39%,1.17%,53.33%,100.00%,45.43%,98.37%,95.71%,99.89%,3.77%,0.60%,51.04%,3018.5,2774.2,2632.6,2674.7,2963.3,2981.3,3997.7,2818.0,151986.4,192308.1,147969.3,150835.9,150863.6,24360.3,192229.9,176807.8,5607.5,4693.1,4725.6,4821.1,5470.2,2655.0,62775.3,5285.1,113367.3,142719.7,112841.1,118378.0,112950.4,8778.0,47775.7,156779.5
01-Well-G3(1),2020-05-28 16:25:44,30.0,575.40,262.23,566.07,533.97,574.90,18.53,3.97,292.43,17262,7867,16410,16019,17247,556,119,8773,100.00%,89.67%,95.06%,97.62%,99.91%,6.34%,1.36%,54.77%,100.00%,45.57%,95.06%,92.80%,99.91%,3.22%,0.69%,50.82%,3140.0,2783.7,2632.4,2664.5,3095.6,2978.1,3958.9,2829.8,142722.7,178594.3,137665.9,140097.2,141574.8,24166.8,184016.0,165477.8,5510.8,4407.3,4631.7,4717.6,5306.2,2582.9,58244.3,5085.4,81271.2,160379.8,80961.7,84045.6,81094.5,7239.8,54564.4,142393.7
01-Well-G4(1),2020-05-28 16:27:05,30.0,722.57,376.50,721.44,686.77,721.31,35.30,3.40,423.34,21677,11295,20914,20603,21639,1059,102,12700,100.00%,88.94%,96.48%,98.51%,99.82%,8.34%,0.80%,61.64%,100.00%,52.11%,96.48%,95.05%,99.82%,4.89%,0.47%,58.59%,3343.7,2888.1,2785.5,2807.6,3190.2,2980.8,3964.5,2919.0,182175.7,221993.5,177829.1,179971.6,180996.0,24381.1,180385.2,202028.0,6148.7,5427.0,5355.8,5419.7,5873.5,2728.0,54983.8,5642.2,171555.2,112885.3,170753.5,169673.2,171397.0,8753.7,35311.3,143059.5
01-Well-G5(1),2020-05-28 16:28:27,30.0,624.57,323.20,633.41,603.00,623.50,21.43,2.97,353.40,18737,9696,18362,18090,18705,643,89,10602,100.00%,91.45%,98.00%,98.52%,99.83%,6.06%,0.84%,58.61%,100.00%,51.75%,98.00%,96.55%,99.83%,3.43%,0.47%,56.58%,3258.0,2784.9,2708.0,2729.8,3074.5,3129.4,3992.6,2825.4,171454.2,203757.7,164282.7,166267.9,169038.6,24255.5,182417.1,190105.4,6261.0,4983.5,4866.4,4924.0,5798.9,2786.1,60094.4,5332.2,152231.0,122641.4,151360.2,154485.2,151716.4,8369.3,52298.3,140566.7
01-Well-G6(1),2020-05-28 16:29:48,30.0,1009.15,543.41,999.88,953.45,1005.42,40.17,3.43,594.41,30274,16302,28986,28603,30162,1205,103,17832,100.00%,91.42%,95.75%,98.68%,99.63%,6.76%,0.58%,62.34%,100.00%,53.85%,95.75%,94.48%,99.63%,3.98%,0.34%,58.90%,3558.7,2905.3,2806.9,2829.1,3144.2,3282.7,4082.8,2951.0,209056.0,233473.9,196620.5,198577.0,202900.5,25748.2,186617.8,217031.4,6912.5,5729.8,5693.6,5750.6,6310.4,3542.2,51314.9,5897.8,145489.7,86538.5,143713.2,140542.6,145435.7,9419.3,38749.4,102605.8
01-Well-G7(1),2020-05-28 16:31:10,30.0,631.49,362.01,646.89,618.76,630.56,21.43,2.47,391.21,18944,10860,18753,18562,18916,643,74,11736,100.00%,92.54%,98.99%,98.98%,99.85%,5.48%,0.63%,63.23%,100.00%,57.33%,98.99%,97.98%,99.85%,3.39%,0.39%,61.95%,3172.7,2821.9,2703.0,2718.2,3018.3,2867.3,4019.0,2837.2,194042.1,227754.3,189856.8,191432.1,192886.8,23405.8,208607.2,214233.8,6117.6,5502.3,5348.1,5392.1,5966.9,2725.1,67431.4,5770.2,149571.4,90860.1,148720.6,146656.5,149638.7,7292.5,47891.7,105201.1
01-Well-G8(1),2020-05-28 16:32:31,30.0,1342.07,778.14,1326.56,1270.37,1337.00,47.97,2.67,839.44,40262,23344,38456,38111,40110,1439,80,25183,100.00%,92.70%,95.51%,99.10%,99.62%,5.71%,0.32%,66.08%,100.00%,57.98%,95.51%,94.66%,99.62%,3.57%,0.20%,62.55%,3325.5,3072.9,2970.1,2987.8,3253.1,3381.7,3981.1,3102.5,222007.3,243658.7,216391.7,217726.0,219981.1,26994.9,183158.2,228747.8,6303.2,5870.7,5719.2,5754.6,6151.7,2975.1,62907.1,5896.4,107704.1,80975.6,106593.4,104882.3,107812.9,9740.4,41911.5,89613.8
01-Well-G9(1),2020-05-28 16:33:53,30.0,1690.83,1032.17,1709.08,1639.57,1681.70,58.70,3.97,1105.97,50725,30965,49545,49187,50451,1761,119,33179,100.00%,93.33%,97.67%,99.28%,99.46%,5.31%,0.36%,67.45%,100.00%,61.04%,97.67%,96.97%,99.46%,3.47%,0.23%,65.41%,3242.5,3012.1,2915.2,2928.9,3141.9,3168.3,4074.2,3030.4,232457.8,249486.4,224403.5,225566.0,229041.5,26423.1,184512.1,235515.1,6518.8,6025.0,5904.5,5934.8,6225.2,2950.8,58470.6,6049.7,97519.1,75614.5,96546.9,95462.5,97536.3,9644.9,52611.8,83242.9
01-Well-G10(1),2020-05-28 16:35:14,30.2,530.98,304.33,540.89,515.84,530.19,8.22,2.12,323.15,16029,9187,15778,15572,16005,248,64,9755,100.00%,94.18%,98.43%,98.69%,99.85%,2.54%,0.66%,62.64%,100.00%,57.31%,98.43%,97.15%,99.85%,1.55%,0.40%,60.86%,3935.2,2885.9,2922.5,2943.8,3639.5,3405.9,3883.0,2927.1,202802.4,220533.9,196234.7,197659.8,199557.4,42372.0,191628.7,212405.9,7686.1,5298.9,5584.0,5627.4,6995.4,3847.8,56204.0,5703.5,142428.6,156689.9,141779.8,143068.5,142050.4,16776.3,54125.9,157384.8
01-Well-G11(1),2020-05-28 16:36:35,30.0,2706.79,1626.48,2676.23,2570.09,2679.89,102.40,3.87,1747.32,81203,48794,77582,77102,80396,3072,116,52419,100.00%,93.08%,95.54%,99.38%,99.01%,5.86%,0.22%,67.99%,100.00%,60.09%,95.54%,94.95%,99.01%,3.78%,0.14%,64.55%,3481.4,3206.0,3110.7,3125.1,3329.1,3354.1,4303.1,3222.8,255623.5,265915.0,245975.3,246962.3,251194.9,28540.8,195138.3,250214.8,7177.8,6439.3,6366.5,6391.9,6758.1,3335.3,60029.4,6372.3,83064.7,66690.3,82082.4,81518.9,83176.5,10588.4,52609.4,73624.4
01-Well-G12(1),2020-05-28 16:37:56,30.0,381.88,138.50,373.90,351.31,381.25,17.87,3.40,172.24,11456,4155,10839,10539,11437,536,102,5167,100.00%,80.41%,94.61%,97.23%,99.83%,10.37%,1.97%,49.03%,100.00%,36.27%,94.61%,92.00%,99.83%,4.68%,0.89%,45.10%,3798.7,2598.0,2755.5,2794.2,3581.7,3643.7,3997.3,2791.7,84570.1,84241.5,72341.9,73554.2,80294.1,32047.5,173492.2,78672.5,5724.5,2525.2,3775.7,3854.4,5268.2,3453.2,58924.4,3965.4,39566.1,45777.6,39012.8,39480.4,39450.5,12831.3,40540.0,44860.8
01-Well-H1(1),2020-05-28 16:39:33,30.0,491.51,192.85,488.25,455.67,491.17,7.07,3.03,210.25,14744,5785,14154,13669,14734,212,91,6307,100.00%,91.72%,96.00%,96.57%,99.93%,3.36%,1.44%,46.14%,100.00%,39.24%,96.00%,92.71%,99.93%,1.44%,0.62%,42.78%,3014.5,2589.1,2432.0,2469.2,2730.5,3085.6,3646.4,2634.6,71020.2,75890.7,68304.2,69662.5,69683.7,35303.8,157594.8,75194.6,3263.4,2209.5,2879.9,2948.5,3168.5,3502.6,58833.6,3183.0,37632.2,41225.0,37357.1,37615.3,37608.4,11546.1,30703.9,42448.6
01-Well-H2(1),2020-05-28 16:41:02,30.0,635.16,310.81,624.78,593.76,634.63,20.37,2.77,340.48,19054,9324,18112,17812,19038,611,83,10214,100.00%,91.29%,95.06%,98.34%,99.92%,5.98%,0.81%,57.34%,100.00%,48.93%,95.06%,93.48%,99.92%,3.21%,0.44%,53.61%,3123.2,2837.8,2674.5,2694.8,2977.6,3047.5,3736.4,2869.3,154592.3,190144.1,149499.4,151420.0,153020.4,24315.4,179210.5,177546.0,5081.3,4635.8,4550.6,4609.3,5017.1,2654.5,51650.1,4944.6,116562.8,145900.5,116294.4,119799.5,116399.1,7029.7,40414.2,156196.2
01-Well-H3(1),2020-05-28 16:42:23,30.0,466.48,218.49,478.25,451.31,465.91,20.57,2.73,248.36,13993,6554,13864,13538,13976,617,82,7450,100.00%,87.97%,99.08%,97.65%,99.88%,8.28%,1.10%,55.03%,100.00%,46.84%,99.08%,96.75%,99.88%,4.41%,0.59%,53.24%,3234.5,2776.9,2604.9,2633.6,3024.0,2844.5,3851.6,2811.1,140012.8,178926.4,134841.0,137284.9,137759.4,23255.0,193461.7,162896.3,5286.1,4449.2,4366.4,4447.5,5007.4,2481.3,62302.4,4976.2,80497.3,159279.7,79966.5,83888.5,80407.4,7433.3,44941.8,140289.8
01-Well-H4(1),2020-05-28 16:43:45,30.0,755.97,391.77,743.76,707.40,754.44,29.23,3.10,432.83,22679,11753,21561,21222,22633,877,93,12985,100.00%,90.51%,95.07%,98.43%,99.80%,6.75%,0.72%,61.19%,100.00%,51.82%,95.07%,93.58%,99.80%,3.87%,0.41%,57.26%,3280.1,2880.5,2755.9,2782.5,3154.7,3115.4,3840.6,2915.9,184667.7,220224.8,177860.9,179992.8,181591.7,24404.4,196445.1,203479.7,6387.9,5386.7,5243.4,5307.4,5876.1,2658.5,64126.8,5680.9,166740.1,109540.3,165971.3,164158.9,166474.0,7899.6,61330.1,133472.6
01-Well-H5(1),2020-05-28 16:45:06,30.0,621.10,321.07,627.51,596.73,619.90,25.33,3.17,355.83,18633,9632,18191,17902,18597,760,95,10675,100.00%,90.23%,97.63%,98.41%,99.81%,7.12%,0.89%,59.63%,100.00%,51.69%,97.63%,96.08%,99.81%,4.08%,0.51%,57.29%,3187.1,2767.8,2675.1,2694.8,3021.1,3092.6,4063.4,2812.5,175029.4,208801.0,167431.3,169519.5,171581.2,26231.0,194574.3,193065.9,5794.0,5140.7,5086.3,5150.5,5600.2,3123.5,60242.3,5522.3,155492.3,125541.9,154970.0,157850.1,155214.6,9021.8,52260.9,146517.4
01-Well-H6(1),2020-05-28 16:46:27,30.0,853.67,473.10,866.08,828.07,851.40,32.30,2.93,516.17,25610,14193,25107,24842,25542,969,88,15485,100.00%,91.66%,98.04%,98.94%,99.73%,6.26%,0.57%,62.33%,100.00%,55.42%,98.04%,97.00%,99.73%,3.78%,0.34%,60.46%,3238.0,2903.7,2773.4,2789.5,3056.0,3194.8,4193.1,2936.9,204215.5,226682.2,194816.3,196418.7,199182.2,26358.0,197540.8,211476.9,6470.1,5501.0,5483.6,5528.1,5996.4,3271.2,60155.1,5701.5,142156.2,87799.6,141256.5,138957.0,142106.8,9543.9,49058.8,103472.0
01-Well-H7(1),2020-05-28 16:47:49,30.0,884.49,467.51,865.42,823.73,882.63,28.93,2.93,506.58,26534,14025,25088,24711,26478,868,88,15197,100.00%,92.29%,94.55%,98.50%,99.79%,5.71%,0.58%,61.50%,100.00%,52.86%,94.55%,93.13%,99.79%,3.27%,0.33%,57.27%,3226.0,2905.7,2788.2,2813.3,3100.0,3168.0,4005.5,2940.6,198880.8,225352.5,192604.8,194819.9,196551.4,25190.7,189537.8,211328.0,6358.4,5483.6,5427.4,5489.6,5964.3,2791.9,65105.1,5712.3,148934.6,95570.6,148085.1,145020.2,149032.7,8090.8,50514.0,112396.2
01-Well-H8(1),2020-05-28 16:49:11,30.0,1256.08,727.31,1282.75,1230.61,1251.11,58.63,3.67,799.54,37682,21819,37186,36918,37533,1759,110,23986,100.00%,90.97%,98.68%,99.28%,99.60%,7.33%,0.46%,64.97%,100.00%,57.90%,98.68%,97.97%,99.60%,4.67%,0.29%,63.65%,3348.8,3017.9,2954.1,2967.2,3242.2,3298.4,4193.7,3052.7,224668.4,242909.6,215679.5,216834.6,221672.9,27612.3,189559.5,224678.9,6700.4,5881.8,5895.1,5926.7,6369.3,3051.2,53679.9,5902.7,113149.7,80625.4,112088.1,110695.2,113343.9,10578.6,53189.1,92667.3
01-Well-H9(1),2020-05-28 16:50:32,30.0,452.83,257.50,443.23,422.40,452.23,3.50,1.47,266.60,13585,7725,12849,12672,13567,105,44,7998,100.00%,96.59%,94.58%,98.62%,99.87%,1.31%,0.55%,63.12%,100.00%,56.86%,94.58%,93.28%,99.87%,0.77%,0.32%,58.87%,4145.8,2906.5,3004.4,3033.2,3752.9,4046.3,4175.0,2943.5,214106.2,221802.1,206532.4,207705.5,210369.2,53398.0,195569.2,217581.5,8818.2,5256.7,5785.9,5825.0,7544.7,5625.8,69905.2,5665.2,141172.5,142556.1,139940.1,139894.0,141009.0,22345.7,81905.9,143154.7
01-Well-H10(1),2020-05-28 16:51:54,30.0,1369.17,799.37,1406.35,1348.23,1363.13,100.00,2.03,915.20,41075,23981,40769,40447,40894,3000,61,27456,100.00%,87.34%,99.26%,99.21%,99.56%,10.93%,0.22%,67.88%,100.00%,58.38%,99.26%,98.47%,99.56%,7.30%,0.15%,66.84%,3258.1,3009.9,2896.9,2912.8,3126.7,2853.9,3703.0,2998.1,241961.9,269434.7,231293.6,232693.5,237490.2,25338.9,195788.8,239337.2,6872.2,6556.9,6179.5,6215.3,6555.5,2669.7,59612.8,6225.8,153879.8,94062.2,152011.0,149670.3,154120.4,7561.9,46888.8,119463.8
01-Well-H11(1),2020-05-28 16:53:15,30.0,2485.11,1539.41,2461.39,2365.81,2462.81,76.33,3.60,1631.64,74553,46182,71354,70974,73884,2290,108,48949,100.00%,94.35%,95.71%,99.47%,99.10%,4.68%,0.22%,68.97%,100.00%,61.95%,95.71%,95.20%,99.10%,3.07%,0.14%,65.66%,3403.4,3133.2,3038.4,3049.7,3191.3,3163.1,4025.4,3140.0,260195.2,268117.3,250866.4,251736.4,254818.9,27218.9,192655.4,255100.1,7402.9,6514.5,6491.3,6513.3,6770.5,3233.1,68208.1,6490.3,80400.7,66700.5,79799.7,79326.1,80461.6,9430.2,49685.7,72153.1
01-Well-H12(1),2020-05-28 16:54:36,30.0,391.20,140.58,379.52,355.93,390.74,18.10,3.27,172.65,11735,4217,11002,10677,11721,543,98,5179,100.00%,81.42%,93.75%,97.05%,99.88%,10.48%,1.89%,48.51%,100.00%,35.94%,93.75%,90.98%,99.88%,4.63%,0.84%,44.13%,4069.8,2631.8,2831.2,2869.3,3716.4,3517.1,3966.4,2814.7,85899.8,90066.0,74886.1,76296.0,82758.8,30998.2,163814.7,83641.3,6238.0,2674.6,3842.4,3932.2,4986.9,3424.9,55924.4,4022.1,41923.3,48864.6,40913.7,41777.0,41858.2,11895.9,40354.1,47435.5
03-A1 ddH2O,2020-05-28 17:03:11,30.0,24.20,8.43,22.59,21.63,24.13,2.37,0.03,11.93,726,253,655,649,724,71,1,358,100.00%,70.67%,90.22%,99.08%,99.72%,19.83%,0.28%,55.16%,100.00%,34.85%,90.22%,89.39%,99.72%,9.78%,0.14%,49.31%,3631.6,2903.6,3063.7,3077.7,3624.3,3060.3,2869.6,2943.7,103616.6,156885.4,103609.7,104374.5,103419.1,22466.7,150954.4,117985.0,4908.1,4775.7,4187.5,4219.1,4907.9,3412.5,13493.0,4404.8,58194.9,133257.1,54998.7,56650.4,57250.7,6450.2,0.0,72316.4
03-A2 0.2um beads,2020-05-28 17:06:14,30.0,42.77,14.97,42.08,40.47,42.73,2.00,0.00,20.23,1283,449,1220,1214,1282,60,0,607,100.00%,73.97%,95.09%,99.51%,99.92%,9.88%,0.00%,50.00%,100.00%,35.00%,95.09%,94.62%,99.92%,4.68%,0.00%,47.31%,3810.3,2491.9,2348.6,2356.6,3811.3,2942.8,####,2529.7,68178.9,74162.8,66796.9,66900.2,68190.1,18160.6,####,69148.0,1675.7,1421.3,1405.4,1409.5,1676.5,2984.6,####,1623.7,7979.6,7190.5,7827.2,7862.2,8007.7,6074.6,####,8815.5
03 A3 1.0um beads,2020-05-28 17:09:05,30.0,69.54,3.90,68.74,66.03,47.69,2.03,0.00,6.84,2085,117,1992,1980,1430,61,0,205,100.00%,57.07%,95.54%,99.40%,68.59%,29.76%,0.00%,10.35%,100.00%,5.61%,95.54%,94.96%,68.59%,2.93%,0.00%,9.83%,15964.8,2908.8,14998.9,15077.8,6228.1,2980.2,####,3007.7,2453355.0,131445.7,2467034.0,2481681.3,1018370.1,22780.3,####,158374.7,21049.2,3830.0,20865.4,20983.8,6874.2,3254.8,####,3856.9,1559688.8,90278.9,1558256.9,1554788.9,194607.7,5934.3,####,86933.1
03-A4 1.8um beads,2020-05-28 17:11:54,30.0,24.37,5.37,24.56,23.60,15.57,1.67,0.03,8.90,731,161,712,708,467,50,1,267,100.00%,60.30%,97.40%,99.44%,63.89%,18.73%,0.37%,37.71%,100.00%,22.02%,97.40%,96.85%,63.89%,6.84%,0.14%,36.53%,40295.0,3118.5,39555.0,39518.5,6449.5,3256.3,3492.3,3130.1,2128679.8,123749.4,2104267.8,2116017.8,129161.1,26520.7,223826.9,88945.5,91511.6,3666.9,90414.3,90899.3,5429.5,4096.8,20347.7,4313.8,221899.6,109145.7,216178.0,221587.7,44169.5,9672.3,0.0,43969.0
03-A5 0.2+1+1.8um beads,2020-05-28 17:15:18,30.0,44.87,7.77,32.08,30.87,34.20,1.87,0.00,12.17,1346,233,930,926,1026,56,0,365,100.00%,63.84%,69.09%,99.57%,76.23%,15.34%,0.00%,39.42%,100.00%,17.31%,69.09%,68.80%,76.23%,4.16%,0.00%,27.12%,19644.5,2672.2,3660.7,3671.0,7506.0,3163.7,####,2790.2,1581735.5,95973.4,380035.2,381577.6,428357.8,20667.3,####,94847.2,32777.7,2298.0,4104.9,4118.3,5541.0,3074.1,####,2979.6,215100.9,34727.7,66308.7,66495.2,67490.4,4474.8,####,47809.8
