Experiment Name:,Exp_20200528_1,,,,,,,,,,,,,,,,,,,,,,,,,,,,,,,,,,,,,,,,,,,,,,,,,,,,,,,,,,,,,,,,,
,,,,,,,,,,,,,,,,,,,,,,,,,,,,,,,,,,,,,,,,,,,,,,,,,,,,,,,,,,,,,,,,,,
Tube Name:,Record Time:,Volume(£gL):,All Events  Events/£gL(V),HB Events/£gL(V),Time Events/£gL(V),Cells Events/£gL(V),P2 Events/£gL(V),P3 Events/£gL(V),P1 Events/£gL(V),Bac Events/£gL(V),All Events ,HB Events,Time Events,Cells Events,P2 Events,P3 Events,P1 Events,Bac Events,All Events  % Parent,HB % Parent,Time % Parent,Cells % Parent,P2 % Parent,P3 % Parent,P1 % Parent,Bac % Parent,All Events  % Total,HB % Total,Time % Total,Cells % Total,P2 % Total,P3 % Total,P1 % Total,Bac % Total,All Events  Mean FSC-H,HB Mean FSC-H,Time Mean FSC-H,Cells Mean FSC-H,P2 Mean FSC-H,P3 Mean FSC-H,P1 Mean FSC-H,Bac Mean FSC-H,All Events  Mean BL525-H,HB Mean BL525-H,Time Mean BL525-H,Cells Mean BL525-H,P2 Mean BL525-H,P3 Mean BL525-H,P1 Mean BL525-H,Bac Mean BL525-H,All Events  Mean BL690-H,HB Mean BL690-H,Time Mean BL690-H,Cells Mean BL690-H,P2 Mean BL690-H,P3 Mean BL690-H,P1 Mean BL690-H,Bac Mean BL690-H,All Events  rSD BL525-H,HB rSD BL525-H,Time rSD BL525-H,Cells rSD BL525-H,P2 rSD BL525-H,P3 rSD BL525-H,P1 rSD BL525-H,Bac rSD BL525-H
A1 S_T1_R1_1(1),2020-05-28 14:39,30,203.8,69.08,199.25,170,203.8,9.2,0.27,84.65,6113,2072,5776,5099,6113,276,8,2539,100.00%,81.61%,94.49%,88.28%,100.00%,10.87%,0.32%,49.79%,100.00%,33.89%,94.49%,83.41%,100.00%,4.51%,0.13%,41.53%,5087.1,5238.3,3753.5,4138,5087.1,4701.1,4587.4,5151.2,135432.2,176489.1,122424.4,133136.3,135432.2,22454.2,143138.8,149324.3,5135,4988.5,3970.9,4314.8,5135,2051.6,49089.2,4682.2,34489,64912.4,33443.7,37440,34489,6656.1,52517.2,48515.7
A2 S_T1_R2_1(1),2020-05-28 14:47,30,167.03,72.13,162.27,150.69,166.9,10.04,0.1,88.93,5009,2163,4704,4519,5005,301,3,2667,100.00%,81.10%,93.91%,96.07%,99.92%,11.29%,0.11%,59.02%,100.00%,43.18%,93.91%,90.22%,99.92%,6.01%,0.06%,53.24%,5833.9,3516.4,3397.4,3461.9,5615.9,3160.1,2926.7,3442.9,194783.1,245584.9,181077.5,187801,192670.6,22866.4,186550,204063.4,6736.9,6456,5208.2,5396.9,6632.6,2234.1,65429.6,5696.8,45134.8,189307.6,44150.2,48631.4,45134.8,7781.3,81083.8,85224.1
A3 S_T2_R1_1(1),2020-05-28 14:49,30,266.88,124.67,263.3,246.38,266.68,10.87,1.23,143.48,8006,3740,7633,7391,8000,326,37,4304,100.00%,86.90%,95.34%,96.83%,99.93%,7.57%,0.86%,58.23%,100.00%,46.71%,95.34%,92.32%,99.93%,4.07%,0.46%,53.76%,3723.6,2935.4,2804.4,2840.8,3570.3,2988.7,3915.8,2959.8,160015.6,210278.1,154469.4,158838.2,158601.3,26003.4,176993.9,188474.1,6021,5563.8,4987.2,5127.4,5859.4,2492.6,62767.8,5736.9,77656.7,167277.2,77796.5,81870.5,77554.7,7822.7,35161,120976.5
A4 S_T2_R2_1(1),2020-05-28 14:50,30,333.62,157.01,328.26,308.75,333.46,11.3,1.37,177.58,10008,4710,9516,9262,10003,339,41,5327,100.00%,88.42%,95.08%,97.33%,99.95%,6.36%,0.77%,57.51%,100.00%,47.06%,95.08%,92.55%,99.95%,3.39%,0.41%,53.23%,3963.3,3069.9,3028.1,3064.3,3737.5,3373.8,3785.9,3100.8,150299.9,192519.5,141649.7,144760.4,147913.7,26694.4,173627.5,175253.9,5869.2,5075.1,4491.2,4590.2,5386.8,2495.6,56415,5286.3,69857.9,134396.8,68702.4,71604,69802.7,7437.5,39778.5,106392.9
A5 S_T3_R1_1(1),2020-05-28 14:51,30,361.14,161.6,358.82,336.47,360.74,8.73,2.43,181.4,10834,4848,10402,10094,10822,262,73,5442,100.00%,89.08%,96.01%,97.04%,99.89%,4.81%,1.34%,53.91%,100.00%,44.75%,96.01%,93.17%,99.89%,2.42%,0.67%,50.23%,3476.9,2733.5,2625.1,2651.9,3303.1,2909.7,3978.8,2773.1,135104.8,165914.3,123086.9,126147.4,131031.9,29733.8,187532.8,154145.6,5126.7,4490.7,4335.7,4443.6,4899.6,2808.4,62737.2,5249.1,60660.8,93076.1,59687.6,61565,60470.4,8653.1,34254.4,89357.9
A6 S_T3_R2_1(1),2020-05-28 14:53,30,344.98,154.27,340.37,318.68,344.62,9.8,1.6,173.67,10349,4628,9867,9560,10338,294,48,5210,100.00%,88.83%,95.34%,96.89%,99.89%,5.64%,0.92%,54.50%,100.00%,44.72%,95.34%,92.38%,99.89%,2.84%,0.46%,50.34%,3894.3,2842.3,2742.2,2776.4,3626.8,3083.1,4479,2878.5,143283.4,182718.5,137445.7,140977,141089.7,27764.2,196970.1,167993,5566.9,4881.2,4608.2,4728.1,5112.9,2752.7,66353.2,5317.4,68325.5,110039.8,67627.5,70135.6,68200.1,11126.8,40049.8,101672.9
A7 S_T4_R1_1(1),2020-05-28 14:54,30,495.77,214.5,490.77,459.04,495.27,10.2,2.73,236.27,14873,6435,14227,13771,14858,306,82,7088,100.00%,90.79%,95.66%,96.79%,99.90%,4.32%,1.16%,51.47%,100.00%,43.27%,95.66%,92.59%,99.90%,2.06%,0.55%,47.66%,3413.1,2752.9,2686.5,2716,3234.6,3122.6,3996.3,2792.9,123409.7,147946.2,114513.9,117407.1,119820,31146.7,178069.5,140013.7,5395.6,3961,4209,4320.2,4958.2,3159.7,60938.8,4669.3,58667.1,82777.7,58114.4,59165.7,58606.9,9540.3,37382,80905.7
A8 S_T4_R2_1(1),2020-05-28 14:56,30,493.45,213.44,488.73,458.54,493.21,10.03,3.07,237.61,14803,6403,14168,13756,14796,301,92,7128,100.00%,89.83%,95.71%,97.09%,99.95%,4.22%,1.29%,51.82%,100.00%,43.25%,95.71%,92.93%,99.95%,2.03%,0.62%,48.15%,2903,2642.2,2517.3,2543.9,2882.2,3128.2,4138.6,2702.1,106417.9,132121.4,102233.1,104414.9,104695.3,34890.5,177575.8,125509.5,4298.9,3674.8,3789.2,3874.7,4211.6,3249.2,59029.1,4453.9,47845.3,64854.7,47680.6,48564.4,47821.7,11812.8,44738.3,64546.2
A9 blank(1),2020-05-28 14:46,30,201.13,79.97,198.76,186.6,200.87,4.9,1.5,91.67,6034,2399,5762,5598,6026,147,45,2750,100.00%,87.24%,95.49%,97.15%,99.87%,5.35%,1.64%,49.12%,100.00%,39.76%,95.49%,92.77%,99.87%,2.44%,0.75%,45.58%,2742.3,2592.7,2461.5,2481.3,2694.4,2701.9,4336.7,2642.3,132615.1,171540.9,125510.4,128570.7,128432.5,28622,237449.6,160146.6,5411.4,4739.9,4799.8,4918.8,5162.2,3260.3,72076.1,5932.9,63940.6,95824.6,63959.4,63294.4,63903,10994.7,46653.1,95318.5
A10 S_T5_R1_1(1),2020-05-28 14:57,30,633.4,272.33,633.37,594.43,633.03,14.43,3.37,302.13,19002,8170,18361,17833,18991,433,101,9064,100.00%,90.14%,96.63%,97.12%,99.94%,4.78%,1.11%,50.83%,100.00%,43.00%,96.63%,93.85%,99.94%,2.28%,0.53%,47.70%,3035.8,2715.2,2622.2,2656.7,2947.5,3240.8,3814.1,2772,109321.6,124703.3,103036.4,105108.1,107455.9,34834.1,174262.8,118392.8,4478.7,3438.1,3758.4,3839.9,4111,3305,61695.6,4213.3,47724.7,61341.8,47225.8,48067.5,47701.5,14500.4,41243.3,60358.2
A11 S_T5_R2_1(1),2020-05-28 14:58,30,548.67,241.77,556.86,524.33,548.2,13.83,3.7,270.27,16460,7253,16143,15730,16446,415,111,8108,100.00%,89.45%,98.07%,97.44%,99.91%,5.12%,1.37%,51.54%,100.00%,44.06%,98.07%,95.57%,99.91%,2.52%,0.67%,49.26%,2895,2649,2533.9,2559.9,2813,3153.4,3783.1,2707.5,106619.8,129698,102089.8,103932.4,103759,32292.5,178932.4,122657.1,5011.2,3566.8,3814.7,3888.8,4169.8,3165.7,61590.4,4459.9,49748.3,66341.3,49403.3,50018.8,49707.5,10048.6,39123.3,66295.5
A12 S_T6_R1_1(1),2020-05-28 15:00,30,601.77,239.93,592.63,557.87,601.13,12.7,4.8,270.33,18053,7198,17180,16736,18034,381,144,8110,100.00%,88.75%,95.16%,97.42%,99.89%,4.70%,1.78%,48.46%,100.00%,39.87%,95.16%,92.70%,99.89%,2.11%,0.80%,44.92%,2997,2563,2507.9,2536.7,2831.1,3106.6,4022.3,2638.4,88425.1,94936.4,82467.4,83808.9,86191.1,35001.5,183985.3,92723.3,4843.3,2784.8,3754.1,3827.1,4231.1,3303.7,65778,4090.7,42980.9,47782,42804.4,42925.9,42926.6,11765.2,47397,49090.7
B1 S_T1_R1_2(1),2020-05-28 15:01,30,137.33,57.43,135.19,124.17,137.33,6.43,0.2,69.37,4120,1723,3919,3725,4120,193,6,2081,100.00%,82.80%,95.12%,95.05%,100.00%,9.27%,0.29%,55.87%,100.00%,41.82%,95.12%,90.41%,100.00%,4.68%,0.15%,50.51%,4938.6,3265.7,3114.2,3115.6,4938.6,2906.4,4097.8,3204.8,122552,170094,112219.2,116251.8,122552,21024.5,178759.5,145141.7,4670.4,4551.7,3830.4,3963.9,4670.4,1894.5,85906.4,4337.7,27963.3,64040.9,27284.3,29613.8,27963.3,5957.1,45046.7,43582.7
B2 S_T1_R2_2(1),2020-05-28 15:02,30,145.07,61.8,140.57,129.73,144.9,6.5,0,73.47,4352,1854,4075,3892,4347,195,0,2204,100.00%,84.12%,93.64%,95.51%,99.89%,8.85%,0.00%,56.63%,100.00%,42.60%,93.64%,89.43%,99.89%,4.48%,0.00%,50.64%,5368.4,3548.2,3411,3487.7,4943.4,3070.3,####,3471.9,200546.7,248923.7,182926.3,190824.9,195975.9,20785,####,213188.3,7194.2,6403.8,5612.4,5849.4,6549.9,2135.7,####,5833.9,39946.6,203486,38401.6,45181,39856.3,6257.8,####,88938.5
B3 S_T2_R1_2(1),2020-05-28 15:04,30,331.91,155.74,329.81,310.11,331.71,10.73,1.43,175.44,9957,4672,9561,9303,9951,322,43,5263,100.00%,88.77%,96.02%,97.30%,99.94%,6.12%,0.82%,56.57%,100.00%,46.92%,96.02%,93.43%,99.94%,3.23%,0.43%,52.86%,4103.5,3094.2,2975.5,3009,3974,3607.6,3875.9,3135.9,153374.2,210050.1,151176.8,154632.4,151302,26074.8,148584.4,191128.6,5597.1,5397.6,4734.6,4842.6,5150.9,2672.9,56965.7,5561.9,78493.4,204073.5,78279.7,81048.3,78416.6,7434.4,33890,145484.4
B4 S_T2_R2_2(1),2020-05-28 15:05,30,285.58,133.42,285.42,267.87,285.48,9.73,1.13,149.89,8566,4002,8274,8035,8563,292,34,4496,100.00%,89.01%,96.59%,97.11%,99.96%,6.49%,0.76%,55.96%,100.00%,46.72%,96.59%,93.80%,99.96%,3.41%,0.40%,52.49%,3847.9,3035.2,3131,3169.9,3811.5,3317.1,4733.3,3070.9,141901.3,186720.3,135922.5,139227.3,140687.7,26137,180242.6,170621.1,5867.5,4877.7,4907.4,5030.1,5422,2456.8,72783.9,5175.6,62676.9,129419,62263.4,65943.4,62605.8,7949.8,30915.7,102843.8
B5 S_T3_R1_2(1),2020-05-28 15:06,30,335.21,152.94,332.19,312.78,335.05,6.23,1.43,168.01,10056,4588,9630,9383,10051,187,43,5040,100.00%,91.03%,95.76%,97.44%,99.95%,3.71%,0.85%,53.71%,100.00%,45.62%,95.76%,93.31%,99.95%,1.86%,0.43%,50.12%,3524.7,2793.1,2703.1,2728.5,3294.2,2949.3,3516.6,2819.5,122809.4,153757,118397.8,120904,121159.6,33730.9,167954.3,145076.6,4562.1,4105.7,4061.1,4148.5,4430.1,3175.4,52672.7,4566.2,56781.1,85662.6,56996.6,58713.8,56674.3,10261.7,37392.5,82496.2
B6 S_T3_R2_2(1),2020-05-28 15:08,30.2,442.85,203.6,450.08,421.52,442.55,10.34,2.32,225.83,13368,6146,13129,12724,13359,312,70,6817,100.00%,90.16%,98.21%,96.92%,99.93%,4.58%,1.03%,53.58%,100.00%,45.98%,98.21%,95.18%,99.93%,2.33%,0.52%,50.99%,3551.5,2883.2,2831.2,2872,3482.4,3174.7,4031.8,2919.2,129128.3,168665.8,124868.4,127967.9,126756.8,33303.2,163623.9,157587.4,5121.7,4424.1,4456.1,4570.1,4907.4,3234.8,61534.3,5049,64824.8,106093.6,64369.2,66264.2,64758.6,10489.4,49445.3,96397.8
B7 S_T4_R1_2(1),2020-05-28 15:09,30,422.9,187.77,421.95,397.13,422.53,8.13,2.77,206.87,12687,5633,12232,11914,12676,244,83,6206,100.00%,90.77%,96.41%,97.40%,99.91%,3.93%,1.34%,52.09%,100.00%,44.40%,96.41%,93.91%,99.91%,1.92%,0.65%,48.92%,3273.3,2665.9,2599.8,2606.6,3093.1,3002.5,4045.4,2712.8,114481,139666.3,108849.6,111024.4,113085.2,35233.1,181439.8,132940,4568.4,3803.6,4016.4,4024.7,4455.2,3301.2,54562.2,4522.7,52326.6,73388.8,51666.8,52530.7,52215.7,12263.6,51174.9,72674.7
B8 S_T4_R2_2(1),2020-05-28 15:10,30,487.38,207.11,489.49,457.85,487.05,7.93,3.6,229.51,14621,6213,14190,13735,14611,238,108,6885,100.00%,90.24%,97.05%,96.79%,99.93%,3.46%,1.57%,50.13%,100.00%,42.49%,97.05%,93.94%,99.93%,1.63%,0.74%,47.09%,3429.7,2783.7,2752.8,2791.1,3332.2,3272,3960.1,2830.4,102739.3,121837.8,97347.8,99574,100973.8,39715.4,170427.4,116634.7,4512.6,3349.7,3794.8,3882.6,4267.1,3724.9,59516.4,4329.5,46059.9,60770.3,45615.5,46196.9,46013.4,16531.3,41451.2,61104.8
B9 blank(1),2020-05-28 15:12,30,11.17,3.77,10.11,9.63,11.1,0.37,0.07,5.7,335,113,293,289,333,11,2,171,100.00%,66.08%,87.46%,98.63%,99.40%,6.43%,1.17%,59.17%,100.00%,33.73%,87.46%,86.27%,99.40%,3.28%,0.60%,51.04%,13872.5,2939.6,3297.4,3318,11448.8,2377.4,5391.3,2968.8,122761.2,139141.8,93867.7,94713.7,108831.4,20802.6,265952.5,109258,21553.1,4374.7,6215,6277.1,10716.2,2213.9,25872.4,5492.2,43482.4,80004.4,46008.3,46827.5,43482.4,5290.1,38663,51119.3
B10 S_T5_R1_2(1),2020-05-28 15:13,30,539.2,225.07,528.33,495.93,538.67,10.67,3.4,251.73,16176,6752,15316,14878,16160,320,102,7552,100.00%,89.41%,94.68%,97.14%,99.90%,4.24%,1.35%,50.76%,100.00%,41.74%,94.68%,91.98%,99.90%,1.98%,0.63%,46.69%,3230.2,2807.4,2709.5,2753.8,3096.3,3500.2,4246,2870.6,101990.1,116269.6,94634.2,96423.6,98653.3,39273.8,176550.9,111140.9,4780.6,3231.4,3626.2,3701.4,4055.2,3681,67978.1,4281.4,43998.7,56789.4,43794.7,44527.9,43919.8,19963.1,51500.9,56613.1
B11 S_T5_R2_2(1),2020-05-28 15:15,30,411.66,181.28,415.01,391.86,411.56,9.53,2.57,202.81,12349,5438,12031,11755,12346,286,77,6084,100.00%,89.38%,97.42%,97.71%,99.98%,4.70%,1.27%,51.76%,100.00%,44.04%,97.42%,95.19%,99.98%,2.32%,0.62%,49.27%,2828.5,2710.2,2548.5,2575.1,2809.7,3061.1,4028.9,2756.4,112874.3,140643.7,108639,110490.7,112422.9,35740.1,178533.8,132165.6,4405.2,3816.7,4025.2,4097.4,4383.3,3375,65244.4,4671.8,51151.6,68597.1,50558.3,51548.7,51149.3,12403.6,44185.9,68031.3
B12 S_T6_R1_2(1),2020-05-28 15:16,30,484.67,193.83,482.01,452.07,484.2,8.83,3.73,216.2,14540,5815,13973,13562,14526,265,112,6486,100.00%,89.65%,96.10%,97.06%,99.90%,4.09%,1.73%,47.82%,100.00%,39.99%,96.10%,93.27%,99.90%,1.82%,0.77%,44.61%,3096.1,2642.1,2545.9,2576.3,2903.1,3053.4,3801,2699.3,87679.6,98274.7,82321.9,83956.7,84703.4,35437.7,177948.6,95569.8,4715.5,2859.3,3706.3,3790.5,4006.1,3322.4,60251.6,4047.8,44172.3,51130,43798.1,44150.2,44113.1,12974.8,50138.9,52311.2
C1 S_T6_R2_1(1),2020-05-28 15:17,30.1,472.65,188.13,474.23,444.53,472.32,8.44,3.22,208.81,14220,5660,13787,13374,14210,254,97,6282,100.00%,90.10%,96.95%,97.00%,99.93%,4.04%,1.54%,46.97%,100.00%,39.80%,96.95%,94.05%,99.93%,1.79%,0.68%,44.18%,3424.8,2607.7,2600.7,2634.2,3293.6,3157,4060.1,2675.8,92663.1,100897.2,84397.9,86068.8,89581.9,35749.8,190602.5,99015.4,5152.2,2857.1,3889.8,3978.7,4645.3,3661.1,68322.9,4102.1,46087.4,52772,45736.6,45994.9,46042,15574.4,54731.7,53782.3
C2 S_T7_R1_1(1),2020-05-28 15:19,30,1207.81,718.63,1234.94,1183.53,1204.04,45.53,4.24,776.67,36211,21545,35800,35483,36098,1365,127,23285,100.00%,92.53%,98.86%,99.11%,99.69%,5.86%,0.55%,65.62%,100.00%,59.50%,98.86%,97.99%,99.69%,3.77%,0.35%,64.30%,3349.4,3037,2959,2974.5,3203.9,3242,4023.6,3064,235138,258885.3,225310.6,226885,231400.9,27019.5,193258.8,243008.2,6914.3,6357.5,6152.1,6194.6,6547,3085,62636.3,6486.2,126652.1,79775.9,125169.5,122773.4,126878.5,10444.9,48851.2,90943.6
C3 S_T7_R2_1(1),2020-05-28 15:20,30,1019.04,545.5,1003.51,957.84,1016.74,42.1,4.37,601.2,30571,16365,29091,28735,30502,1263,131,18036,100.00%,90.74%,95.16%,98.78%,99.77%,7.00%,0.73%,62.77%,100.00%,53.53%,95.16%,93.99%,99.77%,4.13%,0.43%,59.00%,3265.7,2872.9,2797.4,2815,3143.3,3334.9,4083.4,2931.1,198174.5,232352.5,189792,191670.2,195064.3,28722.7,176215.2,215339.3,6326.9,5716.1,5565.8,5620.6,5976,3168.6,60883,5974.2,174478.5,111466.9,173792.8,172501.7,174374.5,11461.4,36087.2,137050.9
C4 S_T8_R1_1(1),2020-05-28 15:21,30,1671.98,1015.08,1652.64,1586.51,1656.38,41.6,4.37,1069.48,50159,30452,47909,47595,49691,1248,131,32084,100.00%,94.91%,95.51%,99.34%,99.07%,3.89%,0.41%,67.41%,100.00%,60.71%,95.51%,94.89%,99.07%,2.49%,0.26%,63.96%,3340.8,2947.3,2873.1,2884.2,3154.3,3286.6,3934.7,2968.8,235963.4,251992.1,225478.4,226610.8,229968.6,27145.3,186074.6,241513,6815.6,6163,6021.2,6051,6407.6,3121.1,59329.1,6271,95664.8,72920.1,94737.5,93631.5,95679.3,9951.7,44016,78723.9
C5 S_T8_R2_1(1),2020-05-28 15:23,30,1752.04,1084.56,1734.23,1664.44,1741.78,46.63,4.77,1146.86,52560,32536,50274,49932,52252,1399,143,34405,100.00%,94.57%,95.65%,99.32%,99.41%,4.07%,0.42%,68.90%,100.00%,61.90%,95.65%,95.00%,99.41%,2.66%,0.27%,65.46%,3353,2996.4,2914.9,2926.6,3228.7,3227.9,3969.7,3015.3,236559,250809,225772,226919.6,232225.7,27603.3,181893.1,239678.3,6841.6,6177.1,6052.1,6082.7,6456,3192.7,53481.3,6258.8,92516.5,70063.3,91449.5,90449.8,92617.6,10489.8,40573.9,76296.1
C6 blank(1),2020-05-28 15:24,30.1,22.27,10.97,21.53,20.67,22.24,0.66,0.23,13.13,670,330,626,622,669,20,7,395,100.00%,83.54%,93.43%,99.36%,99.85%,5.06%,1.77%,63.50%,100.00%,49.25%,93.43%,92.84%,99.85%,2.99%,1.04%,58.96%,6007.8,2836.1,2826.7,2836.4,5430.6,2621.8,4482.1,2903.7,178362.2,235686.4,185372.9,186492.6,178573.3,46000.9,179933.5,212144.6,8227.7,6804.3,7056.3,7097.7,8158.3,5098.5,26602.2,7439.1,161696,84476.6,154194,149837.3,161613.5,39360.8,25977.4,116235
C7 blank(1),2020-05-28 15:25,30,7.53,3.2,6.97,6.7,7.5,0.3,0.07,4.53,226,96,202,201,225,9,2,136,100.00%,70.59%,89.38%,99.50%,99.56%,6.62%,1.47%,67.66%,100.00%,42.48%,89.38%,88.94%,99.56%,3.98%,0.88%,60.18%,9406.1,2832.1,3191.6,3199.9,9424.6,2553.2,4195.7,2968.4,158957.4,195532.1,152761.3,153468.9,156750.6,30896.6,172099.9,161584,17534.7,6355.5,8722,8763,17471.5,4345.1,41528.4,8035.8,122366.3,137939.2,133163.6,132497.6,122100.3,20857.4,18977.5,171763.4
C8 blank(1),2020-05-28 15:27,30,6.2,1.7,4.86,4.7,6.2,0.1,0.03,2.9,186,51,141,141,186,3,1,87,100.00%,58.62%,75.81%,100.00%,100.00%,3.45%,1.15%,61.70%,100.00%,27.42%,75.81%,75.81%,100.00%,1.61%,0.54%,46.77%,22140.4,2712.5,4506.3,4506.3,22140.4,2588.4,4022.7,3029.2,110245.8,185311.8,113327.7,113327.7,110245.8,29873.3,295812.2,132264.7,25981.3,6180.6,12079.8,12079.8,25981.3,3985.5,25000,8401.9,49415.1,172512.1,55581.8,55581.8,49415.1,10768.6,0,91828.4
C9 blank(1),2020-05-28 15:28,30,5.13,1.53,4.52,4.33,5.13,0.13,0.13,2.97,154,46,131,130,154,4,4,89,100.00%,51.69%,85.06%,99.24%,100.00%,4.49%,4.49%,68.46%,100.00%,29.87%,85.06%,84.42%,100.00%,2.60%,2.60%,57.79%,14198.4,2921.4,4183,4200.3,14198.4,2681.3,4114.6,3112.8,141176.8,162991.9,132976.8,133920.5,141176.8,79161.5,173107,129358.6,17272.3,5529.1,10232.6,10305.1,17272.3,6360.5,17133.4,8202.3,107819,127429.3,112249,112664.9,107819,11935,23077.5,110566.7
C10 S_T11_R1_1(1),2020-05-28 15:29,30,2478.9,1491.03,2464.11,2364.23,2456.1,150.33,4.93,1663.1,74367,44731,71433,70927,73683,4510,148,49893,100.00%,89.65%,96.05%,99.29%,99.08%,9.04%,0.30%,70.34%,100.00%,60.15%,96.05%,95.37%,99.08%,6.06%,0.20%,67.09%,3299.5,3073.6,2906.9,2920.7,3140.4,2786.5,4051,3055.1,260250.6,288267.7,248050.1,249325.4,254254.3,26246.8,202264.7,262167,7930.9,7564.7,6969.3,7003.4,7466.4,2769.4,59054.4,7271.9,107563.8,79320.4,106595.4,105376.7,107832,8979.7,42354.5,91557.1
C11 S_T11_R2_1(1),2020-05-28 15:31,30,3179.23,2106.67,3196.59,3073.23,3136.5,72.07,3.43,2198.5,95377,63200,92667,92197,94095,2162,103,65955,100.00%,95.82%,97.16%,99.49%,98.66%,3.28%,0.16%,71.54%,100.00%,66.26%,97.16%,96.67%,98.66%,2.27%,0.11%,69.15%,3444.1,3185.4,3129.3,3140.9,3318,3035.4,4350.1,3186.9,277736.8,284364.9,268612.9,269480.9,273297.2,30084.1,193748.7,274335.2,7722.6,7138.4,7049.8,7072.3,7366,3425,59662.8,7104.8,67482.9,57048.7,67059.5,66702.8,67453.1,11847.8,48799.9,60033.3
C12 S_T0_1(1),2020-05-28 15:32,30,450.23,158.9,439.54,410.27,449.4,23.07,3.4,197.73,13507,4767,12742,12308,13482,692,102,5932,100.00%,80.36%,94.34%,96.59%,99.81%,11.67%,1.72%,48.20%,100.00%,35.29%,94.34%,91.12%,99.81%,5.12%,0.76%,43.92%,3859.7,2628,2839.6,2888,3549.6,3901.3,3974,2897.8,81694.5,85954.2,70790.8,72297.8,77682,31299.2,171588,79919,6149.4,2609.5,3612.6,3708.1,4803.7,3352.3,60671.7,3904.5,40655.9,48823.8,39630.9,40557,40497.1,10521.8,34368.1,47259.4
D1 S_T6_R2_2(1),2020-05-28 15:34,30,437.27,172.63,434.13,408.4,437.07,15.5,3.57,199.83,13118,5179,12585,12252,13112,465,107,5995,100.00%,86.39%,95.94%,97.35%,99.95%,7.76%,1.78%,48.93%,100.00%,39.48%,95.94%,93.40%,99.95%,3.54%,0.82%,45.70%,3352.1,2464.1,2385.5,2413.5,3074.1,3083.8,3754.1,2562.5,89285.6,97644.7,81156.5,82532.6,87778.1,33892.3,176654,92903,5367.5,2759,3465.1,3532.9,4509.3,3992.1,59256.8,4029.3,43686.1,50376.5,43112.7,43297,43674.3,14666.2,44366.1,50672.6
D2 S_T7_R1_2(1),2020-05-28 15:35,30,1146.2,694.85,1167.71,1118.97,1141.87,36.93,3.9,743.56,34385,20845,33851,33568,34255,1108,117,22306,100.00%,93.45%,98.45%,99.16%,99.62%,4.97%,0.52%,66.45%,100.00%,60.62%,98.45%,97.62%,99.62%,3.22%,0.34%,64.87%,3238.7,2936.2,2885.9,2900.4,3128.3,3115.7,4212.9,2961.4,232648.1,252755.8,221743.1,223192.2,227864.8,27915.9,196418.6,239477.1,6909.6,6223.6,6173.7,6213.7,6637,3220.1,60456.7,6377.8,124837.4,81514.8,123488,120959.7,125108.3,11433,53525,90615.6
D3 S_T7_R2_2(1),2020-05-28 15:36,30,921.13,422.6,914.72,860,919.07,30.27,3.83,464.8,27634,12678,26517,25800,27572,908,115,13944,100.00%,90.92%,95.96%,97.30%,99.78%,6.51%,0.82%,54.05%,100.00%,45.88%,95.96%,93.36%,99.78%,3.29%,0.42%,50.46%,3433.6,3017.3,2957.4,3017.7,3277.3,3375.8,4175.4,3066.8,209326.4,244487.4,200264,203783,205633.1,30794.8,199830.7,227171.6,6624.2,6024.7,5920.9,6030.4,6337.8,3232.5,69201.8,6419.8,180119.4,115867.8,179077.5,177280,179961.4,12763.3,49073.6,142090.6
D4 S_T8_R1_2(1),2020-05-28 15:38,30,1446.55,884.01,1423.08,1365.82,1439.48,37.1,3.43,931.58,43396,26520,41254,40974,43184,1113,103,27947,100.00%,94.89%,95.06%,99.32%,99.51%,3.98%,0.37%,68.21%,100.00%,61.11%,95.06%,94.42%,99.51%,2.56%,0.24%,64.40%,3192.5,2892.3,2824.9,2836.3,3090,3197.8,4029.8,2915,237081.9,254410.1,227152.3,228385.4,233093.1,26463.7,201108.6,243719.5,6821.5,6212.4,6131.6,6164.3,6500.4,2986.9,65477.8,6308.2,94908.4,71051.9,94134.1,92948.9,95065.7,10011.4,49413.9,76917.9
D5 S_T8_R2_2(1),2020-05-28 15:39,30,1685.99,1047.21,1694.07,1623.89,1677.39,45.93,4.63,1107.85,50579,31416,49110,48716,50321,1378,139,33235,100.00%,94.53%,97.10%,99.20%,99.49%,4.15%,0.42%,68.22%,100.00%,62.11%,97.10%,96.32%,99.49%,2.72%,0.27%,65.71%,3325.5,2935.8,2824,2837.5,3157.4,3210,3865.7,2960.3,227619,243119.8,217432.9,218710.8,223563.5,26632.6,174460.8,232348.2,6615.3,5953.8,5788.1,5821.9,6191.5,2907.1,53591.4,6037.7,87762.9,66006.2,86682.7,85571.5,87924.5,9741,38978.6,71732.3
D6 blank(1),2020-05-28 15:40,30,21.34,11.37,20.08,19.28,21.31,0.57,0.2,13.41,640,341,582,578,639,17,6,402,100.00%,84.83%,90.94%,99.31%,99.84%,4.23%,1.49%,69.55%,100.00%,53.28%,90.94%,90.31%,99.84%,2.66%,0.94%,62.81%,5381.1,2812.1,3028.2,3040.6,5340.1,2474.8,4454.7,2855.5,190275.6,228507.5,189892.6,191019.2,190438.8,32760.8,188092.7,208055.2,9476.1,6416.8,7188.5,7231.1,9459.3,4529.5,31179.3,7159.8,147778.8,91115.8,142925.3,139448.9,147206.5,25270.8,29035.2,112083.8
D7 blank(1),2020-05-28 15:42,30,7.67,2.9,6.8,6.5,7.67,0.3,0.1,4,230,87,197,195,230,9,3,120,100.00%,72.50%,85.65%,98.98%,100.00%,7.50%,2.50%,61.54%,100.00%,37.83%,85.65%,84.78%,100.00%,3.91%,1.30%,52.17%,14809,2879.5,3518.7,3536.1,14809,2483.5,3450.2,2861.1,139620.9,168632.5,137816.8,138950.1,139620.9,24777,184418.2,145475.1,14774.7,5374.9,8005.6,8077.3,14774.7,2670.7,28767.1,6612,86836.6,148426.5,113099.5,113670.3,86836.6,9597.9,1512.1,141726.9
D8 blank(1),2020-05-28 15:43,30.1,5.48,1.33,4.51,4.32,5.48,0.1,0.07,2.79,165,40,131,130,165,3,2,84,100.00%,47.62%,79.39%,99.24%,100.00%,3.57%,2.38%,64.62%,100.00%,24.24%,79.39%,78.79%,100.00%,1.82%,1.21%,50.91%,15506.7,2799,4088.7,4110.4,15506.7,2125.4,5008.6,3223.3,101015.8,178952.1,107194.1,107873.7,101015.8,37376.8,196146.5,121194.1,15461.5,6195.7,10007.2,10077.2,15461.5,3642.5,19180.4,9203.1,53685.7,150333,58112.7,58891,53685.7,15142.2,1712.5,95798.6
D9 blank(1),2020-05-28 15:44,30,4.93,1.37,4.07,3.93,4.93,0.4,0.07,2.57,148,41,118,118,148,12,2,77,100.00%,53.25%,79.73%,100.00%,100.00%,15.58%,2.60%,65.25%,100.00%,27.70%,79.73%,79.73%,100.00%,8.11%,1.35%,52.03%,26645.9,2931.3,3982.3,3982.3,26645.9,2918.4,5141.9,3119.7,105540.6,176625,115050.1,115050.1,105540.6,49666.8,141760.2,128657.2,19217.7,5524.1,9651.3,9651.3,19217.7,5825.7,20533.6,7742.8,42733.9,158697.8,49770.7,49770.7,42733.9,36485.6,2217.4,98278.6
D10 S_T11_R1_2(1),2020-05-28 15:46,30,2321,1384.4,2304.47,2212.44,2303.47,134.87,4.07,1539.34,69630,41532,66805,66373,69104,4046,122,46180,100.00%,89.94%,95.94%,99.35%,99.24%,8.76%,0.26%,69.58%,100.00%,59.65%,95.94%,95.32%,99.24%,5.81%,0.18%,66.32%,3262.9,3064.8,2881.3,2893.7,3109.1,2767.1,4357.3,3046.2,253835.8,283330.4,244145.8,245317.3,248797.9,24955.9,208887.2,258219.3,7462.4,7198.1,6635.6,6666.2,7004,2558.6,64909.3,6925.3,104892.3,77876.6,104036.3,102753.7,105112.6,8001.9,59247.9,89446.2
D11 S_T11_R2_2(1),2020-05-28 15:47,30.1,3035.12,2041.36,3100.37,2983.67,2994.34,63.02,3.66,2119.77,91314,61416,90135,89766,90087,1896,110,63775,100.00%,96.30%,98.71%,99.59%,98.66%,2.97%,0.17%,71.05%,100.00%,67.26%,98.71%,98.30%,98.66%,2.08%,0.12%,69.84%,3527.3,3238.2,3202.9,3211.9,3387.6,3082.9,4246.6,3239.4,293304,295053.8,282938.8,283721.1,288263.4,30343.7,186350.9,285769.6,8155.8,7430.2,7417.1,7437.3,7801.8,3514.8,53268,7393.5,69161.4,57304.6,68366.8,68106.7,69038.8,12909.4,46702.7,60010.4
D12 S_T0_2(1),2020-05-28 15:48,30,454.33,168.37,449.34,422.37,453.73,21.67,4,207.33,13630,5051,13026,12671,13612,650,120,6220,100.00%,81.21%,95.57%,97.27%,99.87%,10.45%,1.93%,49.09%,100.00%,37.06%,95.57%,92.96%,99.87%,4.77%,0.88%,45.63%,3830.5,2636.7,2802.5,2836.6,3683,3991.9,3827.3,2855.2,86180.7,92435.5,76456.7,77747.2,82869.1,29322.1,180063.8,85819.7,5542.3,2790.2,3869.4,3949.4,5036.4,3346.1,59766.3,4157.7,42568.4,50865.2,41410.2,42277.8,42426.7,10603.2,39498.9,48907.4
E1 blank(1),2020-05-28 15:50,30,13.03,5.9,12.11,11.67,13,0.33,0.13,7.67,391,177,351,350,390,10,4,230,100.00%,76.96%,89.77%,99.72%,99.74%,4.35%,1.74%,65.71%,100.00%,45.27%,89.77%,89.51%,99.74%,2.56%,1.02%,58.82%,7624.6,2843.9,3189.5,3193.3,7058.2,2800.3,5975.6,3014.5,159885.5,205287.3,151853.1,152255.3,154015.6,32310.9,211196,174054,8628.3,6226.9,6598.4,6615.9,8480.4,4638.4,32624.7,7280,120806,157610.2,130664.6,130366.7,119721.7,6147,38616,168270.7
E2 blank(1),2020-05-28 15:51,30.2,7.15,2.78,6.31,6.09,7.15,0.26,0.03,4.27,216,84,184,184,216,8,1,129,100.00%,65.12%,85.19%,100.00%,100.00%,6.20%,0.78%,70.11%,100.00%,38.89%,85.19%,85.19%,100.00%,3.70%,0.46%,59.72%,11847.9,2842.3,3512.3,3512.3,11847.9,3837.7,4213.1,3064.9,141733.8,223321.4,154988.9,154988.9,141733.8,29848,181419.7,168632.8,17077.5,7302.6,8976,8976,17077.5,5277,21179.4,8847.8,104457.9,124489.7,146614.3,146614.3,104457.9,10565.3,0,190438.2
E3 L_T2_R1_1(1),2020-05-28 15:53,30,171.87,77.44,167.54,156.87,171.74,3.07,0.97,85.37,5156,2323,4857,4706,5152,92,29,2561,100.00%,90.71%,94.20%,96.89%,99.92%,3.59%,1.13%,54.42%,100.00%,45.05%,94.20%,91.27%,99.92%,1.78%,0.56%,49.67%,4149.1,2906.6,2964.8,3007.6,4057.7,3081.6,3794.3,2927.2,129702.5,165817.9,123434.4,126607.8,129342.3,27706.6,172232.5,155399.9,5677,4419.6,4392.7,4507.1,5659.6,2653.6,69568.2,5056,56060.4,83893.2,55374.4,56436.5,56004,6838.9,44001.9,81889.2
E4 L_T2_R2_1(1),2020-05-28 15:54,30,120.27,50.57,121.08,112.33,120.2,1.5,0.8,55.07,3608,1517,3510,3370,3606,45,24,1652,100.00%,91.83%,97.28%,96.01%,99.94%,2.72%,1.45%,49.02%,100.00%,42.05%,97.28%,93.40%,99.94%,1.25%,0.67%,45.79%,4896.7,3184,3114,3168,4618.6,3098.8,3637.1,3179.2,98750.4,103347.5,87912.2,90598.6,98138.1,21903.5,181898.2,99280.9,5254.3,3005.6,3716.6,3839.8,5004.3,2519.6,67697.7,3957.2,41921.8,55305.4,40216.9,41858.8,41921.8,6112.9,54688.1,54607.9
E5 L_T3_R1_1(1),2020-05-28 15:55,30,241.98,101.82,238.05,224.07,241.91,5.37,1.6,113.65,7258,3054,6901,6721,7256,161,48,3409,100.00%,89.59%,95.08%,97.39%,99.97%,4.72%,1.41%,50.72%,100.00%,42.08%,95.08%,92.60%,99.97%,2.22%,0.66%,46.97%,3582.5,2739.4,2751.3,2781.9,3558.3,2883.4,4069.9,2777.8,108022.3,132916.5,102127.3,104215.9,106686.4,35238.9,176703.2,126876.3,5133.8,3552.5,4249.6,4342.3,5016.2,3609.8,65946,4531.8,46453.3,63786.5,45962.4,46627,46451.2,10466.4,34761.3,63510.9
E6 L_T3_R2_1(1),2020-05-28 15:57,30,173.13,67.15,170.79,159.83,173.1,2.37,1.7,75.18,5193,2014,4951,4794,5192,71,51,2255,100.00%,89.31%,95.34%,96.83%,99.98%,3.15%,2.26%,47.04%,100.00%,38.78%,95.34%,92.32%,99.98%,1.37%,0.98%,43.42%,3689.9,2731.9,2696.2,2731.1,3591.4,3187,4016.5,2782.1,83893.9,95144.6,76353.3,78060.3,83905,34402.2,186467.7,93001.6,4423.6,2731.1,3691.1,3786.4,4417.3,3428.2,75827.7,4626.1,37884.4,46797.7,37072.4,37879.3,37892.3,11857.1,35324.1,48010.9
E7 L_T4_R1_1(1),2020-05-28 15:58,30,289.67,119.1,290.35,273,289.53,4.7,2.6,132.43,8690,3573,8417,8190,8686,141,78,3973,100.00%,89.93%,96.86%,97.30%,99.95%,3.55%,1.96%,48.51%,100.00%,41.12%,96.86%,94.25%,99.95%,1.62%,0.90%,45.72%,3638,2633.1,2513.4,2540.4,3198.5,2992,3698.1,2678.9,89049.6,102583.4,81575.7,83090.4,86975.8,43610,164759,99484.9,4803.8,2915,3476.3,3548.3,4212.6,4177.6,61582.6,4251.2,41186.3,50272.7,40455.3,40781.3,41127.3,26010.3,34678.1,51556.4
E8 L_T4_R2_1(1),2020-05-28 15:59,30,253.74,101.87,247.37,232.44,253.5,4.87,1.9,113.57,7612,3056,7171,6973,7605,146,57,3407,100.00%,89.70%,94.21%,97.24%,99.91%,4.29%,1.67%,48.86%,100.00%,40.15%,94.21%,91.61%,99.91%,1.92%,0.75%,44.76%,3435.7,2529.6,2452.9,2472.7,3297,3171.6,3555.2,2590.4,85540.8,93619.3,78994.8,80478,83082.3,33431,167664.9,90955.2,4984,2711.8,3485.7,3559.4,4282.9,3511.2,66079.8,3981.4,41375.9,49796.1,40843.4,41165.4,41337.4,10491,42813.3,50080.6
E9 blank(1),2020-05-28 16:01,30,8,2.53,7.28,6.97,8,0.27,0.03,4,240,76,211,209,240,8,1,120,100.00%,63.33%,87.92%,99.05%,100.00%,6.67%,0.83%,57.42%,100.00%,31.67%,87.92%,87.08%,100.00%,3.33%,0.42%,50.00%,20415.4,2917,3336.8,3353.6,20415.4,2770.5,6322.4,3085.3,104497.5,151694.5,95502.8,96303.7,104497.5,29158.8,194929.8,109334.9,14841.4,4103.5,5495.8,5543.8,14841.4,4174.3,24010.2,5704,46053.4,139448.8,45077.6,44882.9,46053.4,6997.2,0,41563.9
E10 L_T5_R1_1(1),2020-05-28 16:02,30,361.78,153.8,355.61,332.27,361.44,5.4,1.7,166.74,10853,4614,10309,9968,10843,162,51,5002,100.00%,92.24%,94.99%,96.69%,99.91%,3.24%,1.02%,50.18%,100.00%,42.51%,94.99%,91.85%,99.91%,1.49%,0.47%,46.09%,3237.6,2556.4,2401,2435.2,2901.9,2935,3638.3,2590.1,105034.1,126797.5,100342.2,102682,103025.1,36186.8,163339,122191.4,4235,3416,3397.7,3479.4,3972.8,3599,45952.1,3950.4,53447.6,72397.9,52875.9,54509.7,53357.6,15141.3,31177.3,71635.3
E11 L_T5_R2_1(1),2020-05-28 16:03,30,320.11,132.77,319.7,300.28,319.74,4.57,1.67,144.94,9603,3983,9268,9008,9592,137,50,4348,100.00%,91.61%,96.51%,97.19%,99.89%,3.15%,1.15%,48.27%,100.00%,41.48%,96.51%,93.80%,99.89%,1.43%,0.52%,45.28%,3195.7,2628.2,2562.5,2592.9,3009.2,3096.8,3634.1,2677.6,100989.6,112504.5,93375.6,95258.8,97885.4,40613,173417,109202.1,5000.6,3175.6,4117.6,4211.7,4614.8,3786.7,57209.9,4069.8,46699.4,59367.5,46404,46881.4,46639.3,20962.8,39395.4,59229.9
E12 L_T6_R1_1(1),2020-05-28 16:05,30,376.28,151.4,382.28,358.04,375.88,6.03,2.63,166.47,11286,4541,11082,10739,11274,181,79,4993,100.00%,90.95%,98.19%,96.90%,99.89%,3.63%,1.58%,46.49%,100.00%,40.24%,98.19%,95.15%,99.89%,1.60%,0.70%,44.24%,2942.9,2502.5,2360.6,2393.5,2811.2,3008.7,3735.3,2549.7,78224,80433.4,72368.8,73661.4,75057.4,39558.3,174606.5,79783.7,3989,2389.9,3273.5,3344.8,3653.6,3886.2,60031.9,3466.6,40997,44956.6,40766.7,40896.9,40977.6,16479.4,44400.6,46335.4
F1 blank(1),2020-05-28 16:06,30,12.07,3.3,10.28,9.7,12,0.4,0.03,4.87,362,99,298,291,360,12,1,146,100.00%,67.81%,82.32%,97.65%,99.45%,8.22%,0.68%,50.17%,100.00%,27.35%,82.32%,80.39%,99.45%,3.31%,0.28%,40.33%,24999.8,2914.8,3469.6,3496.4,12287,2489.2,1695.2,3031.3,102429.6,148399.3,105341.3,107391.4,100533.9,19720.5,215080.4,116652.1,11202.9,4233.1,5881.5,6006.5,9001.7,2428.4,53761.6,5754.4,46434.8,119091.6,52650.9,52472,45974.5,7459.1,0,61936.4
F2 blank(1),2020-05-28 16:08,30,6.83,1.8,6.04,5.77,6.77,0.4,0.13,3.2,205,54,175,173,203,12,4,96,100.00%,56.25%,85.37%,98.86%,99.02%,12.50%,4.17%,55.49%,100.00%,26.34%,85.37%,84.39%,99.02%,5.85%,1.95%,46.83%,9307.2,3276.2,4157.9,4189,9375.5,3567,4647.3,3495.2,79753.5,129706.3,85491.9,86317.1,79394.6,43585.7,148701.2,100359,11866.5,4128.4,7969.6,8055.6,11958.8,4790.9,17253.1,6645.8,29380.2,114379.8,32437.4,32922.9,29380.2,24011.7,25840.1,56641
F3 L_T2_R1_2(1),2020-05-28 16:09,30,162.1,71.81,158.99,148.8,162.06,3.9,0.87,80.82,4862,2154,4609,4463,4861,117,26,2424,100.00%,88.86%,94.80%,96.83%,99.98%,4.83%,1.07%,54.31%,100.00%,44.30%,94.80%,91.79%,99.98%,2.41%,0.53%,49.86%,3803.5,2927.6,2989.7,3036.4,3684.8,3235.2,3900.1,2972,125236.3,157671.9,119631.3,122691,125250.5,29480,194145.9,145849.9,5404,4153.7,4705.5,4832.1,5390.7,2772.3,69523.8,4821.4,51202.9,81843.3,50978.3,52989.6,51177.3,8160.8,49239.7,77606.6
F4 L_T2_R2_2(1),2020-05-28 16:10,30,132.85,51.14,130.01,121.55,132.71,2.27,0.93,57.94,3985,1534,3769,3646,3981,68,28,1738,100.00%,88.26%,94.58%,96.74%,99.90%,3.91%,1.61%,47.67%,100.00%,38.49%,94.58%,91.49%,99.90%,1.71%,0.70%,43.61%,4222.2,3081.7,3085.3,3132.8,3959.1,3127.7,3597,3084.5,80230.8,87945.4,71423.4,72884.1,78001,21289.7,164866.9,82944.1,5422.3,2545.2,3562.3,3653.6,4517.6,2332.2,64994.8,3646.7,31341,42745.1,30802.9,31390,31283.5,5895.3,23125.8,40963.2
F5 L_T3_R1_2(1),2020-05-28 16:12,30,252.07,105.9,252.33,237,251.9,5.63,1.83,119.23,7562,3177,7315,7110,7557,169,55,3577,100.00%,88.82%,96.73%,97.20%,99.93%,4.72%,1.54%,50.31%,100.00%,42.01%,96.73%,94.02%,99.93%,2.23%,0.73%,47.30%,3657.7,2785.9,2775.9,2816.1,3445.3,3240.6,3961.2,2824.8,101644.6,128703.1,96405.9,98453.7,100171.5,34957.4,165387.4,121041.7,5716.8,3438.4,4692.9,4805.3,5389.5,3363.3,72617,4607.5,44152.5,59910.2,43390.8,44217.4,44100.8,15217.3,30676.8,58654
F6 L_T3_R2_2(1),2020-05-28 16:13,30,172.87,70.8,173.79,162.4,172.67,2.83,1.53,78.57,5186,2124,5038,4872,5180,85,46,2357,100.00%,90.11%,97.15%,96.71%,99.88%,3.61%,1.95%,48.38%,100.00%,40.96%,97.15%,93.95%,99.88%,1.64%,0.89%,45.45%,3114.8,2769.9,2728.7,2762,3011.4,2915.2,3629.4,2794.3,81688.3,91636,74664.7,76424.9,76719.5,31045.9,163545.1,88660,4256.8,2621.5,3655.2,3754.3,3946.4,3047.8,69539.5,4012.2,36882.1,46801.8,36457.2,37473.3,36788.5,8588,26473.2,47777.4
F7 L_T4_R1_2(1),2020-05-28 16:14,30,260.3,104.1,261.72,244.23,260.13,4.97,1.93,116.33,7809,3123,7587,7327,7804,149,58,3490,100.00%,89.48%,97.16%,96.57%,99.94%,4.27%,1.66%,47.63%,100.00%,39.99%,97.16%,93.83%,99.94%,1.91%,0.74%,44.69%,3592.4,2580.1,2585.8,2623.7,3243.3,3022.8,3716.6,2639.1,85948.6,97411,79797.1,81631.2,83199.6,38971.7,162040.8,94001.2,5940,2743,3837.7,3941,4636,3784.2,63905.6,3969.3,41443.4,48629.1,41206.3,41703.9,41441.3,13028.9,34984.5,49642.6
F8 L_T4_R2_2(1),2020-05-28 16:16,30,261.58,103.57,255.89,240.05,261.45,5.23,1.7,115.87,7847,3107,7418,7201,7843,157,51,3476,100.00%,89.38%,94.53%,97.07%,99.95%,4.52%,1.47%,48.27%,100.00%,39.59%,94.53%,91.77%,99.95%,2.00%,0.65%,44.30%,3041.6,2553.8,2445.9,2478.4,2918.7,3077.4,3918.4,2625,79147.3,89944.4,75749.1,77074.6,79158.7,36917.2,175346.2,87195.5,4359.6,2605.7,3636.9,3716.4,4341,3685.6,73777.6,3859.2,40280.5,46241.8,39990.1,40349.7,40280.8,13965.2,56512.4,46819.6
F9 L_T5_R1_2(1),2020-05-28 16:17,30,6.47,1.93,6.07,5.83,6.47,0.2,0.07,2.67,194,58,176,175,194,6,2,80,100.00%,72.50%,90.72%,99.43%,100.00%,7.50%,2.50%,45.71%,100.00%,29.90%,90.72%,90.21%,100.00%,3.09%,1.03%,41.24%,7898.5,2696.2,4275,4293,7898.5,2480.2,7684.5,2907.7,90581.5,125054,92663.4,93124.3,90581.5,42031.4,216182.8,127070.5,13442.9,3549.5,7811.3,7853.4,13442.9,4881.4,50135.7,6345.7,43688.4,88207,44995.6,45156,43688.4,11835.7,44489.9,102979.2
F10 L_T5_R2_2(1),2020-05-28 16:18,30,362.8,152.53,355.51,334.13,362.27,5.73,2,166.93,10884,4576,10306,10024,10868,172,60,5008,100.00%,91.37%,94.69%,97.26%,99.85%,3.43%,1.20%,49.96%,100.00%,42.04%,94.69%,92.10%,99.85%,1.58%,0.55%,46.01%,3943.1,2573.1,2475,2502.1,3097.3,3010.9,3566,2607.9,103610.1,118056.1,97311.3,99146.7,99832.8,38858.8,158500.8,113358.8,5114.6,3180.1,3582.5,3652.5,4227,3730.8,46002.4,3833.9,52354.1,67937.1,51841,52775.5,52252.8,17581.9,39280.2,66644.6
F11 L_T6_R1_2(1),2020-05-28 16:20,30,280.23,114.5,275.55,258.77,280,3.9,2.07,125.27,8407,3435,7988,7763,8400,117,62,3758,100.00%,91.41%,95.02%,97.18%,99.92%,3.11%,1.65%,48.41%,100.00%,40.86%,95.02%,92.34%,99.92%,1.39%,0.74%,44.70%,2717.4,2512.7,2417.5,2445.2,2677.3,2966.1,3551,2558.7,91620.3,105678.1,88215.3,89993.6,89075.4,36965.9,172163,103427.8,4280.9,2969.2,3713.8,3795.7,4065.1,3590.4,62462,4188.5,45097,56850.8,44970.3,45448.1,44942.3,13189.1,40820.1,58250.8
F12 L_T6_R2_2(1),2020-05-28 16:21,30,332.4,132.4,338.85,317.37,332.17,6.23,2.87,148.1,9972,3972,9823,9521,9965,187,86,4443,100.00%,89.40%,98.51%,96.93%,99.93%,4.21%,1.94%,46.67%,100.00%,39.83%,98.51%,95.48%,99.93%,1.88%,0.86%,44.55%,2806.3,2514.9,2425.4,2454.8,2757.4,3091.7,3670.8,2580.1,76532.7,83538,73243.2,74693.6,74940.3,37909.3,169216.3,82276,4217.3,2476.3,3669.8,3756.8,3997.9,3698.5,61186.3,3892.7,42114.7,47250.2,41970.9,42176.6,42105.8,16920.9,37801.4,49046.2
G1 L_T6_R2_1(1),2020-05-28 16:23,30,443.98,172.7,439.16,409.08,443.64,7.37,2.9,190.64,13319,5181,12731,12272,13309,221,87,5719,100.00%,90.59%,95.59%,96.39%,99.92%,3.86%,1.52%,46.60%,100.00%,38.90%,95.59%,92.14%,99.92%,1.66%,0.65%,42.94%,2876.9,2524.7,2403.8,2443.4,2744,3160.1,3911.2,2589.5,73012.4,77581.5,68455.5,69898.3,70554,34276.8,167482.6,76841.3,4585.2,2309.6,3329.5,3418.1,3859.4,3380,70619.6,3580.8,38489.9,41363.6,38294.1,38508.1,38456.1,13511.7,34264.4,42531.5
G2 L_T7_R1_1(1),2020-05-28 16:24,30,556.98,253.04,567,533.08,556.38,21,3.33,284.31,16709,7591,16437,15992,16691,630,100,8529,100.00%,89.00%,98.37%,97.29%,99.89%,7.39%,1.17%,53.33%,100.00%,45.43%,98.37%,95.71%,99.89%,3.77%,0.60%,51.04%,3018.5,2774.2,2632.6,2674.7,2963.3,2981.3,3997.7,2818,151986.4,192308.1,147969.3,150835.9,150863.6,24360.3,192229.9,176807.8,5607.5,4693.1,4725.6,4821.1,5470.2,2655,62775.3,5285.1,113367.3,142719.7,112841.1,118378,112950.4,8778,47775.7,156779.5
G3 L_T7_R2_1(1),2020-05-28 16:25,30,575.4,262.23,566.07,533.97,574.9,18.53,3.97,292.43,17262,7867,16410,16019,17247,556,119,8773,100.00%,89.67%,95.06%,97.62%,99.91%,6.34%,1.36%,54.77%,100.00%,45.57%,95.06%,92.80%,99.91%,3.22%,0.69%,50.82%,3140,2783.7,2632.4,2664.5,3095.6,2978.1,3958.9,2829.8,142722.7,178594.3,137665.9,140097.2,141574.8,24166.8,184016,165477.8,5510.8,4407.3,4631.7,4717.6,5306.2,2582.9,58244.3,5085.4,81271.2,160379.8,80961.7,84045.6,81094.5,7239.8,54564.4,142393.7
G4 L_T8_R1_1(1),2020-05-28 16:27,30,722.57,376.5,721.44,686.77,721.31,35.3,3.4,423.34,21677,11295,20914,20603,21639,1059,102,12700,100.00%,88.94%,96.48%,98.51%,99.82%,8.34%,0.80%,61.64%,100.00%,52.11%,96.48%,95.05%,99.82%,4.89%,0.47%,58.59%,3343.7,2888.1,2785.5,2807.6,3190.2,2980.8,3964.5,2919,182175.7,221993.5,177829.1,179971.6,180996,24381.1,180385.2,202028,6148.7,5427,5355.8,5419.7,5873.5,2728,54983.8,5642.2,171555.2,112885.3,170753.5,169673.2,171397,8753.7,35311.3,143059.5
G5 L_T8_R2_1(1),2020-05-28 16:28,30,624.57,323.2,633.41,603,623.5,21.43,2.97,353.4,18737,9696,18362,18090,18705,643,89,10602,100.00%,91.45%,98.00%,98.52%,99.83%,6.06%,0.84%,58.61%,100.00%,51.75%,98.00%,96.55%,99.83%,3.43%,0.47%,56.58%,3258,2784.9,2708,2729.8,3074.5,3129.4,3992.6,2825.4,171454.2,203757.7,164282.7,166267.9,169038.6,24255.5,182417.1,190105.4,6261,4983.5,4866.4,4924,5798.9,2786.1,60094.4,5332.2,152231,122641.4,151360.2,154485.2,151716.4,8369.3,52298.3,140566.7
G6 L_T9_R1_1(1),2020-05-28 16:29,30,1009.15,543.41,999.88,953.45,1005.42,40.17,3.43,594.41,30274,16302,28986,28603,30162,1205,103,17832,100.00%,91.42%,95.75%,98.68%,99.63%,6.76%,0.58%,62.34%,100.00%,53.85%,95.75%,94.48%,99.63%,3.98%,0.34%,58.90%,3558.7,2905.3,2806.9,2829.1,3144.2,3282.7,4082.8,2951,209056,233473.9,196620.5,198577,202900.5,25748.2,186617.8,217031.4,6912.5,5729.8,5693.6,5750.6,6310.4,3542.2,51314.9,5897.8,145489.7,86538.5,143713.2,140542.6,145435.7,9419.3,38749.4,102605.8
G7 L_T9_R2_1(1),2020-05-28 16:31,30,631.49,362.01,646.89,618.76,630.56,21.43,2.47,391.21,18944,10860,18753,18562,18916,643,74,11736,100.00%,92.54%,98.99%,98.98%,99.85%,5.48%,0.63%,63.23%,100.00%,57.33%,98.99%,97.98%,99.85%,3.39%,0.39%,61.95%,3172.7,2821.9,2703,2718.2,3018.3,2867.3,4019,2837.2,194042.1,227754.3,189856.8,191432.1,192886.8,23405.8,208607.2,214233.8,6117.6,5502.3,5348.1,5392.1,5966.9,2725.1,67431.4,5770.2,149571.4,90860.1,148720.6,146656.5,149638.7,7292.5,47891.7,105201.1
G8 L_T10_R1_1(1),2020-05-28 16:32,30,1342.07,778.14,1326.56,1270.37,1337,47.97,2.67,839.44,40262,23344,38456,38111,40110,1439,80,25183,100.00%,92.70%,95.51%,99.10%,99.62%,5.71%,0.32%,66.08%,100.00%,57.98%,95.51%,94.66%,99.62%,3.57%,0.20%,62.55%,3325.5,3072.9,2970.1,2987.8,3253.1,3381.7,3981.1,3102.5,222007.3,243658.7,216391.7,217726,219981.1,26994.9,183158.2,228747.8,6303.2,5870.7,5719.2,5754.6,6151.7,2975.1,62907.1,5896.4,107704.1,80975.6,106593.4,104882.3,107812.9,9740.4,41911.5,89613.8
G9 L_T10_R2_1(1),2020-05-28 16:33,30,1690.83,1032.17,1709.08,1639.57,1681.7,58.7,3.97,1105.97,50725,30965,49545,49187,50451,1761,119,33179,100.00%,93.33%,97.67%,99.28%,99.46%,5.31%,0.36%,67.45%,100.00%,61.04%,97.67%,96.97%,99.46%,3.47%,0.23%,65.41%,3242.5,3012.1,2915.2,2928.9,3141.9,3168.3,4074.2,3030.4,232457.8,249486.4,224403.5,225566,229041.5,26423.1,184512.1,235515.1,6518.8,6025,5904.5,5934.8,6225.2,2950.8,58470.6,6049.7,97519.1,75614.5,96546.9,95462.5,97536.3,9644.9,52611.8,83242.9
G10 L_T11_R1_1(1),2020-05-28 16:35,30.2,530.98,304.33,540.89,515.84,530.19,8.22,2.12,323.15,16029,9187,15778,15572,16005,248,64,9755,100.00%,94.18%,98.43%,98.69%,99.85%,2.54%,0.66%,62.64%,100.00%,57.31%,98.43%,97.15%,99.85%,1.55%,0.40%,60.86%,3935.2,2885.9,2922.5,2943.8,3639.5,3405.9,3883,2927.1,202802.4,220533.9,196234.7,197659.8,199557.4,42372,191628.7,212405.9,7686.1,5298.9,5584,5627.4,6995.4,3847.8,56204,5703.5,142428.6,156689.9,141779.8,143068.5,142050.4,16776.3,54125.9,157384.8
G11 L_T11_R2_1(1),2020-05-28 16:36,30,2706.79,1626.48,2676.23,2570.09,2679.89,102.4,3.87,1747.32,81203,48794,77582,77102,80396,3072,116,52419,100.00%,93.08%,95.54%,99.38%,99.01%,5.86%,0.22%,67.99%,100.00%,60.09%,95.54%,94.95%,99.01%,3.78%,0.14%,64.55%,3481.4,3206,3110.7,3125.1,3329.1,3354.1,4303.1,3222.8,255623.5,265915,245975.3,246962.3,251194.9,28540.8,195138.3,250214.8,7177.8,6439.3,6366.5,6391.9,6758.1,3335.3,60029.4,6372.3,83064.7,66690.3,82082.4,81518.9,83176.5,10588.4,52609.4,73624.4
G12 L_T0_1(1),2020-05-28 16:37,30,381.88,138.5,373.9,351.31,381.25,17.87,3.4,172.24,11456,4155,10839,10539,11437,536,102,5167,100.00%,80.41%,94.61%,97.23%,99.83%,10.37%,1.97%,49.03%,100.00%,36.27%,94.61%,92.00%,99.83%,4.68%,0.89%,45.10%,3798.7,2598,2755.5,2794.2,3581.7,3643.7,3997.3,2791.7,84570.1,84241.5,72341.9,73554.2,80294.1,32047.5,173492.2,78672.5,5724.5,2525.2,3775.7,3854.4,5268.2,3453.2,58924.4,3965.4,39566.1,45777.6,39012.8,39480.4,39450.5,12831.3,40540,44860.8
H1 L_T6_R2_2(1),2020-05-28 16:39,30,491.51,192.85,488.25,455.67,491.17,7.07,3.03,210.25,14744,5785,14154,13669,14734,212,91,6307,100.00%,91.72%,96.00%,96.57%,99.93%,3.36%,1.44%,46.14%,100.00%,39.24%,96.00%,92.71%,99.93%,1.44%,0.62%,42.78%,3014.5,2589.1,2432,2469.2,2730.5,3085.6,3646.4,2634.6,71020.2,75890.7,68304.2,69662.5,69683.7,35303.8,157594.8,75194.6,3263.4,2209.5,2879.9,2948.5,3168.5,3502.6,58833.6,3183,37632.2,41225,37357.1,37615.3,37608.4,11546.1,30703.9,42448.6
H2 L_T7_R1_2(1),2020-05-28 16:41,30,635.16,310.81,624.78,593.76,634.63,20.37,2.77,340.48,19054,9324,18112,17812,19038,611,83,10214,100.00%,91.29%,95.06%,98.34%,99.92%,5.98%,0.81%,57.34%,100.00%,48.93%,95.06%,93.48%,99.92%,3.21%,0.44%,53.61%,3123.2,2837.8,2674.5,2694.8,2977.6,3047.5,3736.4,2869.3,154592.3,190144.1,149499.4,151420,153020.4,24315.4,179210.5,177546,5081.3,4635.8,4550.6,4609.3,5017.1,2654.5,51650.1,4944.6,116562.8,145900.5,116294.4,119799.5,116399.1,7029.7,40414.2,156196.2
H3 L_T7_R2_2(1),2020-05-28 16:42,30,466.48,218.49,478.25,451.31,465.91,20.57,2.73,248.36,13993,6554,13864,13538,13976,617,82,7450,100.00%,87.97%,99.08%,97.65%,99.88%,8.28%,1.10%,55.03%,100.00%,46.84%,99.08%,96.75%,99.88%,4.41%,0.59%,53.24%,3234.5,2776.9,2604.9,2633.6,3024,2844.5,3851.6,2811.1,140012.8,178926.4,134841,137284.9,137759.4,23255,193461.7,162896.3,5286.1,4449.2,4366.4,4447.5,5007.4,2481.3,62302.4,4976.2,80497.3,159279.7,79966.5,83888.5,80407.4,7433.3,44941.8,140289.8
H4 L_T8_R1_2(1),2020-05-28 16:43,30,755.97,391.77,743.76,707.4,754.44,29.23,3.1,432.83,22679,11753,21561,21222,22633,877,93,12985,100.00%,90.51%,95.07%,98.43%,99.80%,6.75%,0.72%,61.19%,100.00%,51.82%,95.07%,93.58%,99.80%,3.87%,0.41%,57.26%,3280.1,2880.5,2755.9,2782.5,3154.7,3115.4,3840.6,2915.9,184667.7,220224.8,177860.9,179992.8,181591.7,24404.4,196445.1,203479.7,6387.9,5386.7,5243.4,5307.4,5876.1,2658.5,64126.8,5680.9,166740.1,109540.3,165971.3,164158.9,166474,7899.6,61330.1,133472.6
H5 L_T8_R2_2(1),2020-05-28 16:45,30,621.1,321.07,627.51,596.73,619.9,25.33,3.17,355.83,18633,9632,18191,17902,18597,760,95,10675,100.00%,90.23%,97.63%,98.41%,99.81%,7.12%,0.89%,59.63%,100.00%,51.69%,97.63%,96.08%,99.81%,4.08%,0.51%,57.29%,3187.1,2767.8,2675.1,2694.8,3021.1,3092.6,4063.4,2812.5,175029.4,208801,167431.3,169519.5,171581.2,26231,194574.3,193065.9,5794,5140.7,5086.3,5150.5,5600.2,3123.5,60242.3,5522.3,155492.3,125541.9,154970,157850.1,155214.6,9021.8,52260.9,146517.4
H6 L_T9_R1_2(1),2020-05-28 16:46,30,853.67,473.1,866.08,828.07,851.4,32.3,2.93,516.17,25610,14193,25107,24842,25542,969,88,15485,100.00%,91.66%,98.04%,98.94%,99.73%,6.26%,0.57%,62.33%,100.00%,55.42%,98.04%,97.00%,99.73%,3.78%,0.34%,60.46%,3238,2903.7,2773.4,2789.5,3056,3194.8,4193.1,2936.9,204215.5,226682.2,194816.3,196418.7,199182.2,26358,197540.8,211476.9,6470.1,5501,5483.6,5528.1,5996.4,3271.2,60155.1,5701.5,142156.2,87799.6,141256.5,138957,142106.8,9543.9,49058.8,103472
H7 L_T9_R2_2(1),2020-05-28 16:47,30,884.49,467.51,865.42,823.73,882.63,28.93,2.93,506.58,26534,14025,25088,24711,26478,868,88,15197,100.00%,92.29%,94.55%,98.50%,99.79%,5.71%,0.58%,61.50%,100.00%,52.86%,94.55%,93.13%,99.79%,3.27%,0.33%,57.27%,3226,2905.7,2788.2,2813.3,3100,3168,4005.5,2940.6,198880.8,225352.5,192604.8,194819.9,196551.4,25190.7,189537.8,211328,6358.4,5483.6,5427.4,5489.6,5964.3,2791.9,65105.1,5712.3,148934.6,95570.6,148085.1,145020.2,149032.7,8090.8,50514,112396.2
H8 L_T10_R1_2(1),2020-05-28 16:49,30,1256.08,727.31,1282.75,1230.61,1251.11,58.63,3.67,799.54,37682,21819,37186,36918,37533,1759,110,23986,100.00%,90.97%,98.68%,99.28%,99.60%,7.33%,0.46%,64.97%,100.00%,57.90%,98.68%,97.97%,99.60%,4.67%,0.29%,63.65%,3348.8,3017.9,2954.1,2967.2,3242.2,3298.4,4193.7,3052.7,224668.4,242909.6,215679.5,216834.6,221672.9,27612.3,189559.5,224678.9,6700.4,5881.8,5895.1,5926.7,6369.3,3051.2,53679.9,5902.7,113149.7,80625.4,112088.1,110695.2,113343.9,10578.6,53189.1,92667.3
H9 L_T10_R2_2(1),2020-05-28 16:50,30,452.83,257.5,443.23,422.4,452.23,3.5,1.47,266.6,13585,7725,12849,12672,13567,105,44,7998,100.00%,96.59%,94.58%,98.62%,99.87%,1.31%,0.55%,63.12%,100.00%,56.86%,94.58%,93.28%,99.87%,0.77%,0.32%,58.87%,4145.8,2906.5,3004.4,3033.2,3752.9,4046.3,4175,2943.5,214106.2,221802.1,206532.4,207705.5,210369.2,53398,195569.2,217581.5,8818.2,5256.7,5785.9,5825,7544.7,5625.8,69905.2,5665.2,141172.5,142556.1,139940.1,139894,141009,22345.7,81905.9,143154.7
H10 L_T11_R1_2(1),2020-05-28 16:51,30,1369.17,799.37,1406.35,1348.23,1363.13,100,2.03,915.2,41075,23981,40769,40447,40894,3000,61,27456,100.00%,87.34%,99.26%,99.21%,99.56%,10.93%,0.22%,67.88%,100.00%,58.38%,99.26%,98.47%,99.56%,7.30%,0.15%,66.84%,3258.1,3009.9,2896.9,2912.8,3126.7,2853.9,3703,2998.1,241961.9,269434.7,231293.6,232693.5,237490.2,25338.9,195788.8,239337.2,6872.2,6556.9,6179.5,6215.3,6555.5,2669.7,59612.8,6225.8,153879.8,94062.2,152011,149670.3,154120.4,7561.9,46888.8,119463.8
H11 L_T11_R2_2(1),2020-05-28 16:53,30,2485.11,1539.41,2461.39,2365.81,2462.81,76.33,3.6,1631.64,74553,46182,71354,70974,73884,2290,108,48949,100.00%,94.35%,95.71%,99.47%,99.10%,4.68%,0.22%,68.97%,100.00%,61.95%,95.71%,95.20%,99.10%,3.07%,0.14%,65.66%,3403.4,3133.2,3038.4,3049.7,3191.3,3163.1,4025.4,3140,260195.2,268117.3,250866.4,251736.4,254818.9,27218.9,192655.4,255100.1,7402.9,6514.5,6491.3,6513.3,6770.5,3233.1,68208.1,6490.3,80400.7,66700.5,79799.7,79326.1,80461.6,9430.2,49685.7,72153.1
H12 L_T0_2(1),2020-05-28 16:54,30,391.2,140.58,379.52,355.93,390.74,18.1,3.27,172.65,11735,4217,11002,10677,11721,543,98,5179,100.00%,81.42%,93.75%,97.05%,99.88%,10.48%,1.89%,48.51%,100.00%,35.94%,93.75%,90.98%,99.88%,4.63%,0.84%,44.13%,4069.8,2631.8,2831.2,2869.3,3716.4,3517.1,3966.4,2814.7,85899.8,90066,74886.1,76296,82758.8,30998.2,163814.7,83641.3,6238,2674.6,3842.4,3932.2,4986.9,3424.9,55924.4,4022.1,41923.3,48864.6,40913.7,41777,41858.2,11895.9,40354.1,47435.5
03-A1 ddH2O,2020-05-28 17:03,30,24.2,8.43,22.59,21.63,24.13,2.37,0.03,11.93,726,253,655,649,724,71,1,358,100.00%,70.67%,90.22%,99.08%,99.72%,19.83%,0.28%,55.16%,100.00%,34.85%,90.22%,89.39%,99.72%,9.78%,0.14%,49.31%,3631.6,2903.6,3063.7,3077.7,3624.3,3060.3,2869.6,2943.7,103616.6,156885.4,103609.7,104374.5,103419.1,22466.7,150954.4,117985,4908.1,4775.7,4187.5,4219.1,4907.9,3412.5,13493,4404.8,58194.9,133257.1,54998.7,56650.4,57250.7,6450.2,0,72316.4
03-A2 0.2um beads,2020-05-28 17:06,30,42.77,14.97,42.08,40.47,42.73,2,0,20.23,1283,449,1220,1214,1282,60,0,607,100.00%,73.97%,95.09%,99.51%,99.92%,9.88%,0.00%,50.00%,100.00%,35.00%,95.09%,94.62%,99.92%,4.68%,0.00%,47.31%,3810.3,2491.9,2348.6,2356.6,3811.3,2942.8,####,2529.7,68178.9,74162.8,66796.9,66900.2,68190.1,18160.6,####,69148,1675.7,1421.3,1405.4,1409.5,1676.5,2984.6,####,1623.7,7979.6,7190.5,7827.2,7862.2,8007.7,6074.6,####,8815.5
03 A3 1.0um beads,2020-05-28 17:09,30,69.54,3.9,68.74,66.03,47.69,2.03,0,6.84,2085,117,1992,1980,1430,61,0,205,100.00%,57.07%,95.54%,99.40%,68.59%,29.76%,0.00%,10.35%,100.00%,5.61%,95.54%,94.96%,68.59%,2.93%,0.00%,9.83%,15964.8,2908.8,14998.9,15077.8,6228.1,2980.2,####,3007.7,2453355,131445.7,2467034,2481681.3,1018370.1,22780.3,####,158374.7,21049.2,3830,20865.4,20983.8,6874.2,3254.8,####,3856.9,1559688.8,90278.9,1558256.9,1554788.9,194607.7,5934.3,####,86933.1
03-A4 1.8um beads,2020-05-28 17:11,30,24.37,5.37,24.56,23.6,15.57,1.67,0.03,8.9,731,161,712,708,467,50,1,267,100.00%,60.30%,97.40%,99.44%,63.89%,18.73%,0.37%,37.71%,100.00%,22.02%,97.40%,96.85%,63.89%,6.84%,0.14%,36.53%,40295,3118.5,39555,39518.5,6449.5,3256.3,3492.3,3130.1,2128679.8,123749.4,2104267.8,2116017.8,129161.1,26520.7,223826.9,88945.5,91511.6,3666.9,90414.3,90899.3,5429.5,4096.8,20347.7,4313.8,221899.6,109145.7,216178,221587.7,44169.5,9672.3,0,43969
03-A5 0.2+1+1.8um beads,2020-05-28 17:15,30,44.87,7.77,32.08,30.87,34.2,1.87,0,12.17,1346,233,930,926,1026,56,0,365,100.00%,63.84%,69.09%,99.57%,76.23%,15.34%,0.00%,39.42%,100.00%,17.31%,69.09%,68.80%,76.23%,4.16%,0.00%,27.12%,19644.5,2672.2,3660.7,3671,7506,3163.7,####,2790.2,1581735.5,95973.4,380035.2,381577.6,428357.8,20667.3,####,94847.2,32777.7,2298,4104.9,4118.3,5541,3074.1,####,2979.6,215100.9,34727.7,66308.7,66495.2,67490.4,4474.8,####,47809.8
